item_name,year,total_increase,jan,percent_jan
Alcoholic beverages,1998,0.0193480316075052,0.003658536585365857,0.1890908935639061
Alcoholic beverages,1999,0.027193354590384078,0.0023923444976077235,0.08797533565254533
Alcoholic beverages,2000,0.0270329762305741,0.0034924330616996624,0.12919158556244154
Alcoholic beverages,2001,0.024660795373785627,0.00396600566572225,0.16082229326382982
Alcoholic beverages,2002,0.021915653827966786,0.004975124378109541,0.22701236372700573
Alcoholic beverages,2003,0.020380132696652953,0.004867495943753353,0.2388353410747294
Alcoholic beverages,2004,0.02724157220991108,0.0037095919448861814,0.1361739299149757
Alcoholic beverages,2005,0.012846256819612711,0.00206291903042799,0.16058522411590576
Alcoholic beverages,2006,0.0237379788794152,0.008146639511201537,0.3431901069836251
Alcoholic beverages,2007,0.03722649459457206,0.009288910989557309,0.24952419213040036
Alcoholic beverages,2008,0.043575094989378504,0.008246128488193838,0.1892394839346614
Alcoholic beverages,2009,0.018701366462148594,0.0052207821997936055,0.27916581445320715
Alcoholic beverages,2010,0.009578590581778457,0.0014364063724210396,0.14996009696390447
Alcoholic beverages,2011,0.013843976042629325,0.0033896037285641167,0.24484322409448092
Alcoholic beverages,2012,0.018546471038089152,0.010420744715947894,0.5618721046471138
Alcoholic beverages,2013,0.018142414323267464,0.004257855008377387,0.23469064990521854
Alcoholic beverages,2014,0.012908360678565267,0.002273074248104301,0.17609317749222883
Alcoholic beverages,2015,0.005342808719614567,-5.777539605452686e-4,-0.1081367480786301
Alcoholic beverages,2016,0.01363041195978032,0.005859375,0.4298751216976743
Alcoholic beverages,2017,0.013809174235576926,0.004527266303499422,0.32784482448166313
Alcoholic beverages,2018,0.017479421407279983,0.002301542600824158,0.13167155520751914
Alcoholic beverages,2019,0.004907667563684104,0.0022179659221681636,0.45193890853176977
Alcoholic beverages,2020,0.027580457421333526,0.004877932802612284,0.17686192538776369
Alcoholic beverages,2021,0.022949869312733462,0.0014186748497475588,0.06181624960105651
Alcoholic beverages,2022,0.05636446635027226,0.0050450246787987485,0.08950718432153451
Alcoholic beverages,2023,0.02509835180532416,0.00545315310502037,0.21727136296908478
Car and truck rental,1998,0.01622161433764857,-0.02200000000000002,-1.3562152041144546
Car and truck rental,1999,0.0656491212635576,-0.012807881773398977,-0.19509601235909832
Car and truck rental,2000,-0.004623162715269302,-0.014787430683918745,3.198552937598124
Car and truck rental,2001,-0.0335924258048681,-0.017657992565055736,0.5256539872299666
Car and truck rental,2002,0.008610337724354933,0.0077145612343296754,0.8959649994341695
Car and truck rental,2003,0.03376912588158676,-9.596928982725794e-4,-0.02841924015557269
Car and truck rental,2004,-0.0372365752695325,-0.024186046511627812,0.6495239247046756
Car and truck rental,2005,0.08619311175860978,-0.003875968992248069,-0.044968430924074404
Car and truck rental,2006,0.03228078904570164,-0.030330062444246186,-0.9395700458655547
Car and truck rental,2007,-0.002725753219692817,-0.022980935875216657,8.431040531910856
Car and truck rental,2008,0.04386539176319881,-0.020424277517502754,-0.4656125637213127
Car and truck rental,2009,0.07002558695036276,0.0026640505408446202,0.0380439587422954
Car and truck rental,2010,-2.1774701730958856e-4,-0.041867865240046154,192.27756025020182
Car and truck rental,2011,0.0026933368484948206,-0.05011782056008851,-18.60807740706366
Car and truck rental,2012,0.019348007068134332,-0.044202501450583465,-2.2846023001192637
Car and truck rental,2013,0.0168797150403458,0.005700644316521508,0.3377215967743448
Car and truck rental,2014,0.010560771642269984,-0.002789124783704633,-0.26410236658664504
Car and truck rental,2015,-0.07842490809480018,0.011758662926231622,-0.14993531024630247
Car and truck rental,2016,0.10849945713054499,0.020415568707071508,0.1881628650225207
Car and truck rental,2017,-0.018705108295009265,-0.04728287637497952,2.527805540029679
Car and truck rental,2018,0.07130460164076902,-0.04857970920367927,-0.681298374660625
Car and truck rental,2019,0.04987635403108248,-0.05833875349121931,-1.1696675634081661
Car and truck rental,2020,0.10999102406252326,-0.042799083721273945,-0.3891143307925313
Car and truck rental,2021,0.35442726657744994,-0.06331255440429062,-0.17863341896822002
Car and truck rental,2022,-0.031672369691801316,-0.10932814443578487,3.451846056977715
Car and truck rental,2023,-0.11953659043754472,-0.04612470008359648,0.38586260420147783
Cereals and bakery products,1998,0.021688878819532964,0.0033632286995515237,0.15506696899991926
Cereals and bakery products,1999,0.019699264501524594,0.010422380691168298,0.5290746103927725
Cereals and bakery products,2000,0.025717192236656583,-0.0016137708445401744,-0.06275066226864182
Cereals and bakery products,2001,0.02390245932489732,0.002097535395909844,0.08775395733965358
Cereals and bakery products,2002,0.01026915853798438,0.007168458781361853,0.698057075937292
Cereals and bakery products,2003,0.028167463699188544,0.012671059300557452,0.4498473641743784
Cereals and bakery products,2004,0.01715154142698838,0.00492853622474132,0.28735237854401496
Cereals and bakery products,2005,0.009739922814369306,0.005813953488372103,0.5969198728961977
Cereals and bakery products,2006,0.030387138132974334,0.01055662188099804,0.34740428120615335
Cereals and bakery products,2007,0.05309310682415791,0.006871508379888258,0.12942373861537992
Cereals and bakery products,2008,0.11189971721098502,0.009714697011847573,0.08681609975412785
Cereals and bakery products,2009,-0.00805776636404043,0.005461090716540884,-0.6777424995731091
Cereals and bakery products,2010,-0.0016751259395627605,-0.001171226082487875,0.6991868819090624
Cereals and bakery products,2011,0.05988548402182903,0.011001947388583844,0.1837164309229511
Cereals and bakery products,2012,0.007782649008389653,0.0025564198092460355,0.3284768215154286
Cereals and bakery products,2013,0.004548325124303143,0.0038088913925022894,0.8374272481424371
Cereals and bakery products,2014,0.005130490982034774,0.006996772720013977,1.3637627947333468
Cereals and bakery products,2015,0.009753654438663717,0.010915070112882619,1.1190749253546468
Cereals and bakery products,2016,-0.006818410248612294,0.004885725264872187,-0.7165490322126842
Cereals and bakery products,2017,-0.005588393521961166,0.0057043047602203245,-1.020741423774767
Cereals and bakery products,2018,0.016553873014017784,0.008990279677002277,0.5430922219464489
Cereals and bakery products,2019,0.0026637437147437604,0.002657470627476455,0.9976450109548511
Cereals and bakery products,2020,0.03156028733792238,0.003199581145740815,0.10137997514034816
Cereals and bakery products,2021,0.04682116527683411,-0.0029041182793804188,-0.062025758269995485
Cereals and bakery products,2022,0.15006799394264392,0.01669475475899751,0.1112479371542626
Cereals and bakery products,2023,0.02538789859360535,0.012361279776482492,0.4868965318616809
Communication,1998,-0.02930695454717125,-0.0040000000000000036,0.13648637539467878
Communication,1999,-0.012368270965036343,0.002059732234809486,-0.1665335632306333
Communication,2000,-0.030211013372293483,0.0010427528675702735,-0.034515653438046606
Communication,2001,0.004376836387738892,0.003225806451612856,0.737017828824836
Communication,2002,-0.017033885770239232,0,-0
Communication,2003,-0.03986206836579964,0.002178649237472907,-0.054654696226002095
Communication,2004,-0.03217297239343986,-0.0011337868480726376,0.035240351255323224
Communication,2005,-0.012881087518396561,0,-0
Communication,2006,-0.014284596240568881,0.0023724792408066353,-0.16608654531436387
Communication,2007,0.0022402664713517817,-0.0038748495788205606,-1.7296378035254296
Communication,2008,0.017362868732018866,0.0013688432074159262,0.07883738733171682
Communication,2009,8.617462696975942e-4,0.002254033067019101,2.615657469350104
Communication,2010,-0.010595263389309606,0.0019455482319095108,-0.18362433857685193
Communication,2011,-0.011051880056866081,-0.00154922360063392,0.14017738092185056
Communication,2012,-0.005927595200497238,0.003494396915290965,-0.5895134193707824
Communication,2013,-0.0018043666219106358,0.003369860356865928,-1.8676139959281655
Communication,2014,-0.02033754395898424,0.002756727873312048,-0.1355487112343399
Communication,2015,-0.0056167205150466915,-1.7352288642924485e-4,0.030893986261981983
Communication,2016,-0.026344599088459097,0.0014334326348983684,-0.054410872987105695
Communication,2017,-0.04952304883438052,7.039098995327286e-4,-0.014213783603808563
Communication,2018,-0.01765293838076032,5.382565869149758e-4,-0.030491047739769704
Communication,2019,0.007310091852495204,0.0013149424027831813,0.17988042138408192
Communication,2020,0.023962075607368627,0.0033858663874575257,0.14130104766117718
Communication,2021,0.013049951781746949,6.63913638113911e-4,0.050874796261127286
Communication,2022,-0.01106911736051197,-7.863902068205864e-5,0.0071043623552674495
Communication,2023,-0.016619755569586392,0.003949530827546122,-0.23764072889096116
Dairy and related products,1998,0.06464366112850972,0.003382949932341006,0.05233227625545218
Dairy and related products,1999,0.029819381356322006,0.02284263959390853,0.7660333164177353
Dairy and related products,2000,-0.003483149462042312,-0.01048735348550267,3.0108824211504004
Dairy and related products,2001,0.05628073963695801,0.013003095975232082,0.23103989142838677
Dairy and related products,2002,-0.020625695458928228,-0.005269320843091396,0.25547360832434235
Dairy and related products,2003,0.033996428482305885,-0.005379557680812996,-0.15823890687849443
Dairy and related products,2004,0.042986539583368955,-0.003468208092485492,-0.08068125804262936
Dairy and related products,2005,0.017437770453710977,0.017767906718489934,1.0189322520132555
Dairy and related products,2006,-0.01186714129514721,0.0027292576419213344,-0.22998442287338405
Dairy and related products,2007,0.1272240243630095,0.013552486187845325,0.10652458335365882
Dairy and related products,2008,0.027119445664383623,0.007822736593943391,0.28845488550000525
Dairy and related products,2009,-0.07828564014559547,-0.005720031493373967,0.07306616491524964
Dairy and related products,2010,0.036956253682492224,0.02134071214423594,0.5774587523828466
Dairy and related products,2011,0.07852706803953557,0.0014500930435126236,0.018466155425318483
Dairy and related products,2012,0.004708351999585192,0.00931071418762408,1.9774889788283372
Dairy and related products,2013,-0.004776296181182915,0.00399192501013923,-0.8357783643874813
Dairy and related products,2014,0.051487094435246905,0.004515148184782269,0.08769475602203143
Dairy and related products,2015,-0.039778537329839936,-0.009005089833384106,0.22638061723372926
Dairy and related products,2016,-0.013112824269701617,9.50880243424379e-5,-0.007251528914495369
Dairy and related products,2017,-0.004506083485595669,0.008603719560040135,-1.9093564483532401
Dairy and related products,2018,-0.0011381204026285063,0.004522487967692612,-3.9736463358778717
Dairy and related products,2019,0.024101357212506724,0.0019709026457177536,0.08177558750488163
Dairy and related products,2020,0.04372168489271733,0.00500621834501902,0.11450195383144761
Dairy and related products,2021,0.015997133919289586,-8.371450763787758e-4,-0.052330941317515235
Dairy and related products,2022,0.1432394810515203,0.013731619677032958,0.09586476840204397
Dairy and related products,2023,-0.012883063134570771,0.0024467896940041367,-0.18992297627094235
Education,1998,0.046203509909415796,0.0029999999999998916,0.06493013205883137
Education,1999,0.04327025425500686,0.002865329512893977,0.06621938239622029
Education,2000,0.05543844194861758,0.008234217749313766,0.14852902534572573
Education,2001,0.05514082002900844,0.0025974025974024872,0.04710489608308414
Education,2002,0.063929680634917,0.004918032786885185,0.07692878703665951
Education,2003,0.07038775561869248,0.004615384615384466,0.0655708450257616
Education,2004,0.06368081034280615,0.005021520803443202,0.07885453681276011
Education,2005,0.05986904918685143,0.002020202020202033,0.03374367970830768
Education,2006,0.061941773970498826,0.004441624365482344,0.07170644430683835
Education,2007,0.054499430969503715,1.43198090692076e-4,0.0026275153363015014
Education,2008,0.05531663782824969,0.0028995009241099545,0.05241643451130369
Education,2009,0.04609818758743267,0.0013856491686106143,0.030058647446442585
Education,2010,0.038650806393090154,9.096855963039996e-4,0.023536005615309226
Education,2011,0.045475369753759876,0.003511308478777231,0.07721341239862965
Education,2012,0.03743181530732298,0.0015135490845847865,0.04043482989425531
Education,2013,0.03467390907299306,0.004546730791873843,0.13112830117603375
Education,2014,0.03235127908029023,-8.968492155850827e-4,-0.027722218134227688
Education,2015,0.03635353100770167,0.0031940220107935513,0.08786002135849974
Education,2016,0.027035980020798878,-2.737185274759302e-4,-0.0101242317558068
Education,2017,0.019764403806177278,-0.0013679781759760035,-0.06921423936645374
Education,2018,0.026014970503991708,-0.0012438150419739058,-0.047811510752359156
Education,2019,0.02073627838060188,-2.811560834198312e-4,-0.01355865687465132
Education,2020,0.013827115600719697,5.247487904727066e-4,0.03795070538394816
Education,2021,0.01993418782491796,-7.304441026733111e-4,-0.03664278219352622
Education,2022,0.03292494795483636,6.585007772468288e-4,0.020000055221047093
Education,2023,0.023682276466244878,0.0011560814410624953,0.04881631386705142
Energy services,1998,-0.032553907156094186,-0.011382113821138296,0.34963894707205767
Energy services,1999,0.012978953718693731,-0.005046257359125339,-0.38880309372373817
Energy services,2000,0.12264997439877001,-0.004156275976724855,-0.03388729591749948
Energy services,2001,-0.010206754938145934,0.07448377581120935,-7.297498202179761
Energy services,2002,0.006083707961931473,-0.008239700374531811,-1.3543878874678672
Energy services,2003,0.06974392511764493,0.01118568232662187,0.16038217389907036
Energy services,2004,0.06869575491914892,0.015352407536636248,0.22348407925213395
Energy services,2005,0.1654038831193857,0.00849673202614376,0.051369604303733093
Energy services,2006,-0.0013738197937990249,0.04499999999999993,-32.755387717599696
Energy services,2007,0.03561670924883731,0.01153072625698326,0.32374485178918305
Energy services,2008,0.07967397807018228,0.007129162053414628,0.08947917784567974
Energy services,2009,-0.053948277887789886,0.0015239088261389533,-0.02824758983611337
Energy services,2010,6.836258259401706e-5,0.00908734448188886,132.92863050326253
Energy services,2011,0.009256234850667955,0.003422785669937145,0.36978163639507783
Energy services,2012,-0.0093130898118019,2.6857512994316046e-4,-0.028838455912108985
Energy services,2013,0.025352692099044116,0.008324462422823142,0.32834629120656594
Energy services,2014,0.039518789525672005,0.028717111760242053,0.7266698222521968
Energy services,2015,-0.04272033314216295,0.010030462142771146,-0.23479363115901253
Energy services,2016,0.022791139660092163,0.006442556490220852,0.28267811905439394
Energy services,2017,0.0314559306301504,0.013779033109663219,0.43804245602118874
Energy services,2018,0.014293122108820278,0.0022380710811373827,0.156583779533813
Energy services,2019,-0.011270260804866039,0.0011678115799804711,-0.1036188603085616
Energy services,2020,0.026468861131786592,0.009292812962282682,0.3510847299403787
Energy services,2021,0.09933697030493915,0.004309385852058867,0.043381490685996886
Energy services,2022,0.14828505916498025,0.03392652903825155,0.22879263244252604
Energy services,2023,-0.009485503141116292,0.03417037809153789,-3.6023790813395467
Food away from home,1998,0.024875310220031643,0.0012578616352201255,0.05056667129349776
Food away from home,1999,0.023072557744680866,0.0030674846625766694,0.1329494846874463
Food away from home,2000,0.023724125148818054,0.0023980815347719453,0.10108197961902164
Food away from home,2001,0.030031393557050645,0.003512880562060783,0.1169736114771818
Food away from home,2002,0.023054986627815577,0.002272727272727204,0.09857855523477878
Food away from home,2003,0.023084984877731585,-0.001110494169905496,-0.04810460893897788
Food away from home,2004,0.029974841314249545,0.0032555615843732344,0.10860980214182465
Food away from home,2005,0.03166277512313309,0.004739336492890933,0.14968165217547005
Food away from home,2006,0.03118483708236308,0.003061224489795844,0.09816387630022773
Food away from home,2007,0.03903170519882759,0.004802176063303687,0.12303269966918923
Food away from home,2008,0.04862048978432476,0.003981296941964363,0.08188516733634248
Food away from home,2009,0.018449436990281898,0.002877417483823086,0.1559623464574417
Food away from home,2010,0.012976614308246037,5.649742647548806e-4,0.04353787909037765
Food away from home,2011,0.029090942767418415,0.0020156155312178736,0.06928670367724707
Food away from home,2012,0.024984779947548885,0.0035532237080639906,0.14221552943525434
Food away from home,2013,0.02036826096804334,0.0014727969412420272,0.07230842846882034
Food away from home,2014,0.029475308947028322,7.378719934774125e-4,0.025033562660987958
Food away from home,2015,0.025319318221650455,0.001618981268901365,0.06394253015537282
Food away from home,2016,0.022943749892081255,0.003323079773212445,0.14483594830151822
Food away from home,2017,0.025015567924659754,0.003677801919246937,0.14702052459186613
Food away from home,2018,0.027642696811269296,0.003535544919079925,0.12790159162902529
Food away from home,2019,0.030560297798563507,0.003439279361818759,0.1125407672558879
Food away from home,2020,0.038519100604966106,0.003676087726240951,0.09543545068565304
Food away from home,2021,0.058573461409739735,0.003383783892119574,0.057769915089172286
Food away from home,2022,0.07957721202094326,0.006613689928538058,0.08311034981719964
Food away from home,2023,0.05119899986091636,0.006164879976947146,0.12041016413785875
Footwear,1998,-0.004947674788676748,-0.006240249609984261,1.2612489455179432
Footwear,1999,-0.029191417219092908,-0.014901960784313717,0.5104911718560535
Footwear,2000,0.00259355674609707,-0.016976556184316927,-6.545665989326897
Footwear,2001,-0.024979435697797814,-0.019386106623586308,0.7760826488684605
Footwear,2002,0.0030414233438872396,-0.029021558872305175,-9.542097758483289
Footwear,2003,-0.017725761275090735,-0.008285004142502106,0.4673990591391227
Footwear,2004,0.017227867461463986,-0.021940928270042126,-1.273571921720463
Footwear,2005,0.010928048059135831,-0.007481296758104716,-0.6845958873552321
Footwear,2006,0.014823850981364517,0.007413509060955503,0.500106825835961
Footwear,2007,-0.004892550048672395,-0.016951219512195026,3.464700277679281
Footwear,2008,0.01600985101454644,-0.009079160463936864,-0.5670983731008866
Footwear,2009,0.03606995236626387,-0.013941157035449292,-0.3865033392305896
Footwear,2010,-0.013841818411234996,-0.010016187778227326,0.7236179149769427
Footwear,2011,0.013619490438393056,-0.0023620492159418527,-0.17343154111575906
Footwear,2012,0.04454405883069801,-0.010085174092100302,-0.2264089613034993
Footwear,2013,-0.009155029447033947,-0.0067957104877975905,0.7422925865082028
Footwear,2014,0.02843515779885597,-0.015612154854475091,-0.5490440730068048
Footwear,2015,-0.009279919382659152,-0.01775820950284368,1.9136167859418498
Footwear,2016,0.014889403276206137,-0.004855772438487338,-0.32612270273094535
Footwear,2017,-0.025803014831280113,-0.009720099175729802,0.3767040107246095
Footwear,2018,5.651816379304009e-5,-0.006100034556846046,-107.93051556280801
Footwear,2019,0.017755843291766826,0.01833537644678751,1.032639010465327
Footwear,2020,-0.020621201233373077,0.009885397412199515,-0.47938028926273796
Footwear,2021,0.05854393048183126,0.010376830872016685,0.17724861973927541
Footwear,2022,0.008508412996933612,0.011296614581476128,1.327699370675515
Footwear,2023,0.007981800014400298,0.006934272998082358,0.868760553455605
Fresh fruits and vegetables,1998,0.06277652667216593,0.06927575348627979,1.1035295700262995
Fresh fruits and vegetables,1999,0.023654588029974777,0.04506802721088454,1.9052552153423659
Fresh fruits and vegetables,2000,0.06242551671125096,0.019166666666666554,0.3070325673926243
Fresh fruits and vegetables,2001,-0.016214070724090646,-0.022370486656201005,1.3796958849428997
Fresh fruits and vegetables,2002,0.0564107512495734,0.056287425149700754,0.9978137837709868
Fresh fruits and vegetables,2003,0.04565560077592212,0.01362088535754813,0.29833985592259515
Fresh fruits and vegetables,2004,0.09619408749104041,-0.006514657980456029,-0.06772409979005008
Fresh fruits and vegetables,2005,-8.774559367177304e-4,-0.04691113313511719,53.46266538533669
Fresh fruits and vegetables,2006,0.02004534724690099,0.027565592826303442,1.3751616515680505
Fresh fruits and vegetables,2007,0.0652157660959618,0.025159921671018326,0.38579507958239323
Fresh fruits and vegetables,2008,0.007210921721049646,0.02597342852936846,3.6019568002726396
Fresh fruits and vegetables,2009,-0.038707151157512554,-0.0012105762281859889,0.031275260306803325
Fresh fruits and vegetables,2010,0.023850433721276043,0.022169917556709384,0.9295393876603789
Fresh fruits and vegetables,2011,0.01052417366060765,0.03252847833038919,3.090834433124609
Fresh fruits and vegetables,2012,0.023100307832912392,0.005555641005921652,0.2405007347134222
Fresh fruits and vegetables,2013,-0.0021440994127599478,0.016750650561814684,-7.812441187254818
Fresh fruits and vegetables,2014,0.04048878770685216,0.012332122645493548,0.30458117775174853
Fresh fruits and vegetables,2015,0.008694370657619244,0.001052381338930486,0.12104169242062848
Fresh fruits and vegetables,2016,-0.02975183439796769,0.026347663723484738,-0.8855811500915222
Fresh fruits and vegetables,2017,0.027611284152147975,-0.0033947796360701554,-0.12294899496031096
Fresh fruits and vegetables,2018,0.01808396036468507,0.01684223296063392,0.9313354276933699
Fresh fruits and vegetables,2019,-0.020785860345346796,0.01218629446379449,-0.5862780881486371
Fresh fruits and vegetables,2020,0.027476595260354397,0.016398386549553168,0.5968129018231809
Fresh fruits and vegetables,2021,0.05100253693080137,0.012879352391274912,0.2525237599209861
Fresh fruits and vegetables,2022,0.06222654402264205,0.01709445282188593,0.27471319660088883
Fresh fruits and vegetables,2023,-0.004304311940527827,0.004518106482007234,-1.049669853029562
Fuel oil and other fuels,1998,-0.12022569988350251,-0.008230452674897082,0.06845834694971464
Fuel oil and other fuels,1999,0.2152153979889564,0.005807200929152101,0.026983203727133375
Fuel oil and other fuels,2000,0.36235789134039553,0.07619943555973663,0.21028777730731302
Fuel oil and other fuels,2001,-0.2452568196270083,0.02898550724637672,-0.118184306925526
Fuel oil and other fuels,2002,0.11047908765944647,0.0017746228926354135,0.01606297562943058
Fuel oil and other fuels,2003,0.11569855321539002,0.08757961783439483,0.7569638115642845
Fuel oil and other fuels,2004,0.3055106798597861,0.09416058394160598,0.30820717621007854
Fuel oil and other fuels,2005,0.22704324793957964,-0.013609145345672258,-0.05994076225201773
Fuel oil and other fuels,2006,0.025763371811274194,0.00746268656716409,0.28966265059678165
Fuel oil and other fuels,2007,0.25783374176734664,-0.022598627787306924,-0.08764806201237439
Fuel oil and other fuels,2008,-0.1278203338438627,0.02552991018924411,-0.19973277663653924
Fuel oil and other fuels,2009,0.03071634103083809,-0.03530711255264252,-1.1494569785247357
Fuel oil and other fuels,2010,0.13177935771180815,0.06929780810130648,0.5258623907763743
Fuel oil and other fuels,2011,0.13718960353501453,0.05399665142247456,0.3935914240665704
Fuel oil and other fuels,2012,-0.010029986148043846,0.012134667794380327,-1.2098389384861672
Fuel oil and other fuels,2013,0.030613771586661787,0.007431687475788928,0.24275635083874686
Fuel oil and other fuels,2014,-0.13684691011819583,0.06793445205836535,-0.49642664200229136
Fuel oil and other fuels,2015,-0.25638984542090126,-0.07066806791816793,0.2756274056102183
Fuel oil and other fuels,2016,0.07957506257698221,-0.03322193741415658,-0.4174918163842741
Fuel oil and other fuels,2017,0.12345217241418749,0.03730562807063054,0.3021868902028593
Fuel oil and other fuels,2018,0.018652739648671646,0.07349849525537455,3.9403592522993662
Fuel oil and other fuels,2019,0.02401157108782037,-0.003566784848979876,-0.14854441785315298
Fuel oil and other fuels,2020,-0.12509858650415517,0.004367904760911978,-0.03491570035259269
Fuel oil and other fuels,2021,0.3351306459489246,0.07006218845666834,0.2090593304539094
Fuel oil and other fuels,2022,0.27237093493399045,0.05747590408679448,0.21102069536429746
Fuel oil and other fuels,2023,-0.11667659867434232,-0.007295013575870479,0.0625233650856732
Household furnishings and operations,1998,0.011972638738476982,0.003996802557953538,0.3338280428614991
Household furnishings and operations,1999,-0.0015561844803355651,0.0015797788309637184,-1.015161666837254
Household furnishings and operations,2000,0.017304989651444336,0.004746835443038,0.2743044369657749
Household furnishings and operations,2001,0.002347204613848297,0.0015552099533437946,0.6625796252138374
Household furnishings and operations,2002,-0.014816521699537288,-0.0015515903801397446,0.10472028534120797
Household furnishings and operations,2003,-0.018214256879803936,0.0031496062992126816,-0.17291983526953447
Household furnishings and operations,2004,0.006470041432199092,0.004811547714514752,0.7436656727682442
Household furnishings and operations,2005,0.007184991941792673,0.004780876494023811,0.6653976139089407
Household furnishings and operations,2006,0.004749867408986974,7.911392405062223e-4,0.1665602789268074
Household furnishings and operations,2007,-0.0073577385890924996,7.322834645668852e-4,-0.09952561588046371
Household furnishings and operations,2008,0.019435564488801793,0.003561626449637423,0.18325304889855545
Household furnishings and operations,2009,-0.011017483028834985,0.0017582759559653383,-0.1595896223632543
Household furnishings and operations,2010,-0.02535210148908562,7.079980176056822e-4,-0.027926600795223373
Household furnishings and operations,2011,0.009963175908196398,0.0033163615237510324,0.3328618860400491
Household furnishings and operations,2012,2.8800999809963646e-4,0.0036670128625069243,12.732241542664532
Household furnishings and operations,2013,-0.014391057114784722,0.001581444385872599,-0.10989077266936106
Household furnishings and operations,2014,-0.009496687674746762,0.002641622572097546,-0.2781625196669414
Household furnishings and operations,2015,-0.0010752509225300244,9.326145111545614e-4,-0.8673459297855379
Household furnishings and operations,2016,-0.01139532926312481,0.00203112203112199,-0.17824162726869897
Household furnishings and operations,2017,-0.007722417887957134,0.005948041619723066,-0.7702304778143187
Household furnishings and operations,2018,0.02064873404432699,0.008816310173821451,0.426966135303759
Household furnishings and operations,2019,0.009843470071952742,0.008743303480145626,0.8882338663331897
Household furnishings and operations,2020,0.03121206987598324,0.005580664495958176,0.17879828278394097
Household furnishings and operations,2021,0.07168281219735317,0.002740113216139095,0.03822552620557305
Household furnishings and operations,2022,0.0652965041135729,0.01736276108109691,0.2659064419574001
Household furnishings and operations,2023,0.004473268661910446,0.009453867865069965,2.1134138321645994
Infants' and toddlers' apparel,1998,0.03168216802924373,-0.007949125596184436,-0.25090219800763386
Infants' and toddlers' apparel,1999,0.02685559121848269,0.0030864197530864335,0.1149265241631427
Infants' and toddlers' apparel,2000,-0.0358298039986481,0.0022556390977443996,-0.06295426840262669
Infants' and toddlers' apparel,2001,0.004203588441911932,-0.006240249609984261,-1.4845053687382364
Infants' and toddlers' apparel,2002,-0.023640343217860793,-0.027237354085603127,1.1521556110498732
Infants' and toddlers' apparel,2003,-0.04726051937627018,-0.033519553072625774,0.709250628537446
Infants' and toddlers' apparel,2004,-0.0032326906986082093,-0.012583892617449632,3.8926992374703384
Infants' and toddlers' apparel,2005,-0.029341737347929442,-0.009274873524451888,0.316098307829287
Infants' and toddlers' apparel,2006,-0.005794552947123721,-0.014782608695652177,2.551121515420774
Infants' and toddlers' apparel,2007,2.2534865270840143e-4,-0.014513584574934235,-64.4050204006085
Infants' and toddlers' apparel,2008,-0.008505528783422589,7.206953831551122e-4,-0.08473257824484222
Infants' and toddlers' apparel,2009,0.003192430627885212,-0.002194229265865988,-0.6873224579102378
Infants' and toddlers' apparel,2010,-4.925616722859516e-4,0.0049070500022185826,-9.962305795018995
Infants' and toddlers' apparel,2011,0.048675651791554864,-0.02187316761136482,-0.44936568502529584
Infants' and toddlers' apparel,2012,0.014462594566353126,0.003109326284397529,0.2149909043036649
Infants' and toddlers' apparel,2013,-0.016888365647626302,-0.013865209106408649,0.8209917641354144
Infants' and toddlers' apparel,2014,0.005252464445304472,-0.015810511991835252,-3.010113091954258
Infants' and toddlers' apparel,2015,0.005080441920856327,-0.011678523035230426,-2.298721886237402
Infants' and toddlers' apparel,2016,-0.02367985362936187,-0.017260188246835062,0.7288975902044118
Infants' and toddlers' apparel,2017,0.0023679967835165128,-0.01909562561815681,-8.064042042236013
Infants' and toddlers' apparel,2018,0.057609903806200013,-0.008865495040890847,-0.15388838472486283
Infants' and toddlers' apparel,2019,-0.044352680437453884,-0.03503024815836042,0.7898112991786381
Infants' and toddlers' apparel,2020,-0.052051794961378905,-0.006028980507158832,0.1158265629769767
Infants' and toddlers' apparel,2021,0.04660902383671672,-0.009488997867026394,-0.20358714012695844
Infants' and toddlers' apparel,2022,0.05064467066574574,0.029952953476215294,0.5914334733047126
Infants' and toddlers' apparel,2023,0.013419460773495318,0.031121589201663635,2.3191385799295055
Jewelry and watches,1998,-0.01809728991036119,0.022318214542836445,-1.2332351779400217
Jewelry and watches,1999,-0.01603508343970106,0.017634092578986182,-1.0997194149502307
Jewelry and watches,2000,-0.006687679391707113,0.025449101796407136,-3.805371087011834
Jewelry and watches,2001,0.0025738379726421012,0.052870090634441036,20.54134378170228
Jewelry and watches,2002,-0.03747845500742397,0.03325774754346167,-0.8873830988196755
Jewelry and watches,2003,-0.03956504202352584,0.020440251572327206,-0.5166240329069584
Jewelry and watches,2004,0.03348864362340953,0.053235053235053176,1.5896449505001848
Jewelry and watches,2005,-0.02064336312705095,0.012698412698412653,-0.6151329422565223
Jewelry and watches,2006,0.049235060233166705,0.04220779220779214,0.8572710586298681
Jewelry and watches,2007,0.042124299735925685,0.05017815646785451,1.1911926556030104
Jewelry and watches,2008,0.06873087141437506,0.040119114088963403,0.5837131592161436
Jewelry and watches,2009,0.019837692562175935,0.02024970927601011,1.0207693869910937
Jewelry and watches,2010,0.05373429539791019,0.009020090200901887,0.16786467811863579
Jewelry and watches,2011,0.06903251774275077,0.026725769240739217,0.38714753734367074
Jewelry and watches,2012,-0.006794534456629586,0.025563964444336618,-3.7624306135342738
Jewelry and watches,2013,-0.0020583331756304224,0.019049190546908124,-9.254668181245135
Jewelry and watches,2014,-0.04215000300722371,0.010752029031704247,-0.25508963854312305
Jewelry and watches,2015,-0.0049149056926105494,0.026443169594836835,-5.380198776671046
Jewelry and watches,2016,0.04983455636156531,0.05223539116928633,1.0481761047555478
Jewelry and watches,2017,0.031100155294581655,0.04944601239847679,1.5898959966637658
Jewelry and watches,2018,-0.018698518382917473,0.027902849639972915,-1.492249228979784
Jewelry and watches,2019,0.004668386218232068,0.04762838342870457,10.202322858956084
Jewelry and watches,2020,0.014694124534049502,0.05864427936803196,3.991001929522261
Jewelry and watches,2021,0.0770520607731886,0.0879434856565191,1.1413515066831326
Jewelry and watches,2022,0.05548906876460091,0.0776542304001806,1.399450957261692
Jewelry and watches,2023,0.025985778384494118,0.07627651513115818,2.935317695800595
Leased cars and trucks,2002,-0.019997314389126886,-0.0030000000000000027,0.1500201447866014
Leased cars and trucks,2003,-0.023504463375155105,-0.003061224489795844,0.13024013528560904
Leased cars and trucks,2004,-0.04225971817508489,-0.005224660397074143,0.12363216374108363
Leased cars and trucks,2005,0.014698550906391272,-0.009814612868048078,-0.6677265623361862
Leased cars and trucks,2006,-7.88062490720276e-4,-0.006451612903225712,8.18667679174661
Leased cars and trucks,2007,0.00622285867472161,-0.0036060279870829826,-0.5794809388378572
Leased cars and trucks,2008,0.05887795512729388,-0.001551399469314374,-0.026349411523553343
Leased cars and trucks,2009,0.0013730818544188672,0.017729314957847464,12.912059758703231
Leased cars and trucks,2010,-0.04358939184152577,-0.005684284920995486,0.13040523578905058
Leased cars and trucks,2011,-0.029190266486875838,-0.0012236415995949823,0.04191950766003252
Leased cars and trucks,2012,-0.04095538847062452,-0.006399322041264255,0.1562510399786393
Leased cars and trucks,2013,-0.032298326691012735,-0.0069067811003294954,0.21384331041060903
Leased cars and trucks,2014,-0.0012795192904836439,-0.006633440965885029,5.18432274934883
Leased cars and trucks,2015,0.0036186541005452932,0.0030228471001758628,0.8353512151715057
Leased cars and trucks,2016,-0.027685807568431864,2.5696731842916876e-4,-0.009281554016223464
Leased cars and trucks,2017,0.03970003217315665,-0.0020660164320376317,-0.05204067399810768
Leased cars and trucks,2018,0.04069658000195242,0.01258907637758,0.309339909569208
Leased cars and trucks,2019,-0.0555451003930022,-0.0023409070737552273,0.04214425857892849
Leased cars and trucks,2020,-0.018124240944661363,-0.0016306898169873296,0.08997286131685764
Leased cars and trucks,2021,-0.019814522682728652,-0.019814522682728652,1
Leased cars and trucks,2023,0.05640794594375631,0.009546150292996103,0.16923414127708986
Lodging away from home,1998,0.040991926710191584,0.050999999999999934,1.2441474234808314
Lodging away from home,1999,0.023175968609914555,0.03179190751445082,1.3717617610532324
Lodging away from home,2000,0.03440054780604773,0.051984877126654006,1.51116422388817
Lodging away from home,2001,0.0051959179029105185,0.04871323529411753,9.3752896416686209
Lodging away from home,2002,0.010846241674223656,0.04143646408839774,3.820352278049682
Lodging away from home,2003,0.03850679240501298,0.04670329670329676,1.2128586617153998
Lodging away from home,2004,0.05559079062444583,0.0380868024800709,0.6851279151140978
Lodging away from home,2005,0.043757829774639156,0.03285593934288111,0.7508585209114625
Lodging away from home,2006,0.044766508075978595,0.03827361563517928,0.8549609357562701
Lodging away from home,2007,0.05024563945490779,0.04646045418950662,0.9246663928160745
Lodging away from home,2008,-0.02706001197253194,0.04965367479126881,-1.8349465196715815
Lodging away from home,2009,-0.048027981202976355,0.034082550694116254,-0.7096394610066208
Lodging away from home,2010,0.02863659611383018,0.02560380958593589,0.8940940286394725
Lodging away from home,2011,0.024974455671972984,0.023594477380336487,0.9447444096575388
Lodging away from home,2012,0.012365163674173396,0.027081658615011106,2.190157714739793
Lodging away from home,2013,0.017391489902791046,0.03913316436859127,2.2501329436019764
Lodging away from home,2014,0.06742126771967971,0.04281917134562496,0.6350988759756945
Lodging away from home,2015,0.02396654905771256,0.045627129878457406,1.9037838851386224
Lodging away from home,2016,0.038400027327156194,0.05372245636862494,1.3990213056601875
Lodging away from home,2017,0.011484648900003447,0.04056839582263305,3.5324019198027794
Lodging away from home,2018,0.014318814653882739,0.02147477360931438,1.4997591719990038
Lodging away from home,2019,0.005358105600679064,0.03996458406553316,7.458715270648681
Lodging away from home,2020,-0.09159080076408754,0.04025340470221561,-0.4394917870179692
Lodging away from home,2021,0.22700202080409038,0.018691308840929066,0.08233983457380863
Lodging away from home,2022,0.03753521846668584,-0.009089151034616272,-0.24214994359719244
Lodging away from home,2023,0.010376558479196607,0.03425897182083881,3.301573627664967
"Meats, poultry, fish, and eggs",1998,-0.007331153935779322,-6.738544474392816e-4,0.09191655956786958
"Meats, poultry, fish, and eggs",1999,0.016956720175937967,-0.006109979633401208,-0.36032791542266707
"Meats, poultry, fish, and eggs",2000,0.04459513795928327,0.0026702269692922,0.05987708731230294
"Meats, poultry, fish, and eggs",2001,0.03406710469271501,0.008939974457215838,0.26242249048911936
"Meats, poultry, fish, and eggs",2002,0.002518693745446998,6.172839506173311e-4,0.24508098760843205
"Meats, poultry, fish, and eggs",2003,0.11004052021937982,-0.0049261083743843415,-0.04476631303235858
"Meats, poultry, fish, and eggs",2004,0.011130929740341022,-0.006626173384870149,-0.5952937930113231
"Meats, poultry, fish, and eggs",2005,0.014152479453642397,0.0016384489350083076,0.115771158006283
"Meats, poultry, fish, and eggs",2006,0.015621504704318334,5.38502961766385e-4,0.0344719008801709
"Meats, poultry, fish, and eggs",2007,0.052653325054940914,0.005349946977730724,0.10160701099405103
"Meats, poultry, fish, and eggs",2008,0.05003727306219852,0.006440089557495421,0.12870584592989526
"Meats, poultry, fish, and eggs",2009,-0.03828494461905374,-0.0013116951505576235,0.03426138299557095
"Meats, poultry, fish, and eggs",2010,0.05361436159996569,0.004313368457187217,0.0804517358496343
"Meats, poultry, fish, and eggs",2011,0.07675129841240724,0.010965998330338289,0.14287703996113216
"Meats, poultry, fish, and eggs",2012,0.014928438104601094,0.004177354022014024,0.279825256516723
"Meats, poultry, fish, and eggs",2013,0.02912671548625856,8.567910377075272e-4,0.02941598540734005
"Meats, poultry, fish, and eggs",2014,0.08838268834419327,0.004416525164992358,0.049970477790773404
"Meats, poultry, fish, and eggs",2015,-0.021930008620129393,-2.796345597669836e-4,0.012751228903316942
"Meats, poultry, fish, and eggs",2016,-0.05487821992549313,-0.013768223801204904,0.2508868512844932
"Meats, poultry, fish, and eggs",2017,0.02792377319582562,0.0040726453984074595,0.14584867775019342
"Meats, poultry, fish, and eggs",2018,-0.004192435694384544,-0.00457290073263017,1.090750357544
"Meats, poultry, fish, and eggs",2019,0.022348139524249633,0.003404399843122796,0.1523348214033089
"Meats, poultry, fish, and eggs",2020,0.047383348615989584,4.7450898206014e-5,0.0010014255976413119
"Meats, poultry, fish, and eggs",2021,0.11896704076008924,0.005471216561111714,0.045989347353314884
"Meats, poultry, fish, and eggs",2022,0.07443033388371034,0.0028124621980887277,0.03778650519669719
"Meats, poultry, fish, and eggs",2023,-7.379198026564726e-4,0.007121124650887101,-9.650269074296997
Medical care commodities,1998,0.039882674345830926,0.0036900369003689537,0.09252230350381922
Medical care commodities,1999,0.03920375561195577,0.0013297872340425343,0.03391989398171322
Medical care commodities,2000,0.027367746369469925,0.002557544757033181,0.09345105448237596
Medical care commodities,2001,0.04271907999379487,0.004977187888842938,0.11650971625713605
Medical care commodities,2002,0.030965909880291687,0.003974562798092274,0.12835285039119396
Medical care commodities,2003,0.021020168519890192,0.003082851637765005,0.14666160429912242
Medical care commodities,2004,0.0216928338327651,0.0018867924528302993,0.08697768430699297
Medical care commodities,2005,0.036326161189013106,0.002954209748892156,0.08132457854604412
Medical care commodities,2006,0.01806088888491919,0.004273504273504258,0.23661649771139595
Medical care commodities,2007,0.02669116354878809,0.0076530255334035235,0.2867250623755969
Medical care commodities,2008,0.016128546777694264,0.005943258063417556,0.3684930914939631
Medical care commodities,2009,0.03260259420536249,0.0054866420209076505,0.16828851061199313
Medical care commodities,2010,0.028791303646696464,0.00737457863026858,0.2561391009161457
Medical care commodities,2011,0.03128004343482005,0.00545398945141673,0.17436003446675222
Medical care commodities,2012,0.016553592729527167,0.00594950711068476,0.3594088128115195
Medical care commodities,2013,0.0034511529385197193,0.004093975063423461,1.1862630072776383
Medical care commodities,2014,0.04682832458284092,0.008852579830497698,0.1890432747564389
Medical care commodities,2015,0.015050705104938555,6.576125804145239e-4,0.04369314100764242
Medical care commodities,2016,0.04580610172845423,0.006714925499253566,0.14659456373434046
Medical care commodities,2017,0.02290260917349518,0.006967900290934637,0.30424045741471567
Medical care commodities,2018,-0.004877514712316788,0.0019969112334807804,-0.4094116268759055
Medical care commodities,2019,0.024626761976442424,0.0041963034453580406,0.17039606950244449
Medical care commodities,2020,-0.025042058451159477,-0.003101671341537382,0.12385848182515408
Medical care commodities,2021,0.004536495350005887,-9.922708714255046e-4,-0.2187307149833664
Medical care commodities,2022,0.03170888860683796,0.008885411645078722,0.28021832474956565
Medical care commodities,2023,0.046433599714710505,0.0106480453486264,0.22931767974157347
Medical care services,1998,0.03180089465112412,0.004549214226633458,0.14305302654347332
Medical care services,1999,0.03510103409487897,0.006810897435897578,0.194036945392764
Medical care services,2000,0.04510908361404642,0.006189555125725388,0.13721305399779915
Medical care services,2001,0.04743429437723279,0.009615384615384803,0.20270955311185013
Medical care services,2002,0.05472140452719576,0.00952380952380949,0.17404175945586872
Medical care services,2003,0.04098038512658331,0.004676018704074858,0.11410382527229108
Medical care services,2004,0.04831412509307209,0.006091696056428342,0.1260851985768826
Medical care services,2005,0.04406272896303465,0.006721662083715163,0.15254756666011626
Medical care services,2006,0.04021478627076536,0.002631578947368318,0.0654380935820459
Medical care services,2007,0.05734999960527265,0.010553370786516858,0.18401692866875977
Medical care services,2008,0.029672637163330462,0.008476150050405806,0.28565543412099076
Medical care services,2009,0.03347213140865701,0.007979045347660252,0.23837876501633845
Medical care services,2010,0.033485499304768074,0.008680988013511026,0.2592461869689045
Medical care services,2011,0.035408087749535966,0.004688264161761824,0.13240659012497125
Medical care services,2012,0.03649372255483785,0.005995279124661357,0.16428247668218718
Medical care services,2013,0.025183400956901192,0.0050924420625400035,0.20221423116183537
Medical care services,2014,0.02402423310039914,0.005077673979216879,0.21135633999207734
Medical care services,2015,0.028689513110211284,0.0034949284041392303,0.12181902114244322
Medical care services,2016,0.03850223377684969,0.0069255554656493246,0.17987412122081772
Medical care services,2017,0.0162747943566387,0.004198903852489222,0.2580004244893229
Medical care services,2018,0.026166576498401373,0.008034653124969315,0.30705786542080454
Medical care services,2019,0.04973113707249954,0.006109020757656403,0.12284096277047696
Medical care services,2020,0.02725807493338739,0.006636591953405491,0.24347251115949423
Medical care services,2021,0.025207873220079335,0.00811235712095515,0.3218183878556343
Medical care services,2022,0.04059076391543037,0.00960323564743204,0.23658671877770251
Medical care services,2023,-0.004826591042459638,-0.0014010740460992377,0.2902823201248988
Men's and boys' apparel,1998,-0.005599269105629023,-0.010670731707316916,1.905736535611314
Men's and boys' apparel,1999,0.010898896699205296,-0.016884113584036964,-1.549158052417185
Men's and boys' apparel,2000,-0.025575868095855214,-0.017490494296578007,0.6838670824789126
Men's and boys' apparel,2001,-0.03914606183833824,-0.01953125,0.49893269163724147
Men's and boys' apparel,2002,-0.026850315377348055,-0.016286644951140072,0.6065718306191704
Men's and boys' apparel,2003,-0.007952839415987123,-0.026823134953897765,3.3727746218510086
Men's and boys' apparel,2004,-0.012741986633020619,-0.021186440677966156,1.6627266444513364
Men's and boys' apparel,2005,-0.016401535102755105,-0.011177987962166736,0.6815208388810553
Men's and boys' apparel,2006,-0.0054598401880397995,-0.014899211218229569,2.728873136409274
Men's and boys' apparel,2007,-0.008139036304564251,-0.025379858657243903,3.11828792838917
Men's and boys' apparel,2008,-0.008799133872966713,-0.011916876439397983,1.354323801801653
Men's and boys' apparel,2009,0.0016592315368824107,2.708387877254914e-4,0.16323146089326393
Men's and boys' apparel,2010,-0.0069448784446911604,-0.007872876989686528,1.1336234395441078
Men's and boys' apparel,2011,0.05704735890718726,0.0024974706273754865,0.04377890011417927
Men's and boys' apparel,2012,0.022804272483970656,0.0035518159952412365,0.1557522169469709
Men's and boys' apparel,2013,0.010498925236114953,0.009179497996203212,0.8743273992110087
Men's and boys' apparel,2014,-0.028258237843722056,-0.005083527031320534,0.17989540110159088
Men's and boys' apparel,2015,0.01367662002747394,0.003006728524290736,0.21984441464709437
Men's and boys' apparel,2016,-0.02794258696030716,-0.0022223168291540807,0.07953153486865455
Men's and boys' apparel,2017,-0.007533657614641531,0.029188819287255807,-3.8744552487397157
Men's and boys' apparel,2018,0.02051994629870879,0.03064644852354359,1.493495551958243
Men's and boys' apparel,2019,-0.014705065691713815,0.022226099092812257,-1.511458674090554
Men's and boys' apparel,2020,-0.028875643901292047,0.03651660411589974,-1.2646160979380203
Men's and boys' apparel,2021,0.07722036420404454,0.042650719725153996,0.5523247677575716
Men's and boys' apparel,2022,0.023387304588666447,0.03030922565806282,1.2959691675093998
Men's and boys' apparel,2023,0.015661630079365496,0.03938891342940254,2.51499449481304
Miscellaneous personal goods,1998,0.0063606724057632125,9.999999999998899e-4,0.1572160828615887
Miscellaneous personal goods,1999,-0.023783142215552,-0.006958250497017815,0.2925706970909738
Miscellaneous personal goods,2000,-0.022197157569172843,-0.005091649694501044,0.22938295944577464
Miscellaneous personal goods,2001,-0.016431975826735723,-0.01041666666666663,0.6339266060578146
Miscellaneous personal goods,2002,-0.00815192270360443,0.008474576271186418,-1.0395800572838263
Miscellaneous personal goods,2003,-0.05013639856027041,0.0064102564102566095,-0.1278563397917514
Miscellaneous personal goods,2004,-0.027079488157404574,0.0011235955056179137,-0.04149249421136785
Miscellaneous personal goods,2005,-0.001780301821485586,-0.009237875288683584,5.188937727971862
Miscellaneous personal goods,2006,0.005877399365606606,-0.0011574074074075513,-0.19692509142401887
Miscellaneous personal goods,2007,0.007135212659064916,-4.1426927502874467e-4,-0.058059835750296405
Miscellaneous personal goods,2008,0.01509316296827945,-0.007658280658840777,-0.5074006472291994
Miscellaneous personal goods,2009,0.006180411113883899,-0.009148883430606047,-1.4803033749734973
Miscellaneous personal goods,2010,-0.017720327201047104,-0.00520938361228751,0.2939778455095166
Miscellaneous personal goods,2011,-0.009598756623198867,-0.010905772302076233,1.1361651024382147
Miscellaneous personal goods,2012,-0.006345093589752437,-0.0013826159093004442,0.21790315457811693
Miscellaneous personal goods,2013,-0.02173915466795695,-0.002447000974161506,0.11256191933572897
Miscellaneous personal goods,2014,-0.005444423660837305,-0.003011869612132956,0.5532026527982865
Miscellaneous personal goods,2015,-0.047768162984295315,-0.003279079472962354,0.06864571019907995
Miscellaneous personal goods,2016,-0.007983052552405834,-0.0015514156667960632,0.19433865136319525
Miscellaneous personal goods,2017,-0.0237190318525774,-0.011701738219366487,0.4933480545115475
Miscellaneous personal goods,2018,-0.09584972445884965,0.010982329961451986,-0.11457862840458073
Miscellaneous personal goods,2019,0.06811958766544868,0.015403266062896659,0.22612095273602834
Miscellaneous personal goods,2020,7.118912427092061e-4,0.03994179604586878,56.1065983813264
Miscellaneous personal goods,2021,0.06134686921177679,0.005792719635045351,0.09442567663963722
Miscellaneous personal goods,2022,0.10392587260398445,0.03495517276115634,0.3363471663534166
Miscellaneous personal goods,2023,-0.007927283657597983,0.030776402105574308,-3.8823389492410003
Miscellaneous personal services,1998,0.03340290114388211,0.003913043478260825,0.11714681492501186
Miscellaneous personal services,1999,0.036408679631829255,0.004625735912531459,0.12705036159804983
Miscellaneous personal services,2000,0.03630857945135402,0.0040551500405514584,0.11168572557305692
Miscellaneous personal services,2001,0.04896612281716606,0.006257332811889116,0.12778901926242528
Miscellaneous personal services,2002,0.030869988337823062,0.007076350093109696,0.22923073425458626
Miscellaneous personal services,2003,0.0362541355901671,0.004333694474539795,0.11953655504381094
Miscellaneous personal services,2004,0.036323212898591084,0.005921281783350718,0.1630164655280369
Miscellaneous personal services,2005,0.029503822981642447,0.002687269062815023,0.0910820629749259
Miscellaneous personal services,2006,0.03879331658359819,0.00521852576647075,0.13452125845504898
Miscellaneous personal services,2007,0.03464576713556011,0.004226545340445753,0.12199312325538504
Miscellaneous personal services,2008,0.0294032453432318,0.006895861876644371,0.23452723657362193
Miscellaneous personal services,2009,0.026192970547714967,0.0026788500373862156,0.10227362461643032
Miscellaneous personal services,2010,0.02209071732965029,0.0026039799596784263,0.11787665926915598
Miscellaneous personal services,2011,0.031630307497636734,0.0030885756364400496,0.09764608316472463
Miscellaneous personal services,2012,0.02165131736524384,5.979690795632209e-5,0.0027618138401274434
Miscellaneous personal services,2013,0.022307405488177556,0.0028195163731443706,0.12639373837708978
Miscellaneous personal services,2014,0.020627352117722153,0.0026273620244734452,0.12737272382217815
Miscellaneous personal services,2015,0.027146532627767783,0.006691895060076725,0.24651012163637007
Miscellaneous personal services,2016,0.0352607809837,0.0012872343064063152,0.03650612012823439
Miscellaneous personal services,2017,0.021643387868165553,0.0039413632423577205,0.1821047271511002
Miscellaneous personal services,2018,0.04583671814111345,0.0034001888733448116,0.07418046080168633
Miscellaneous personal services,2019,0.013216731793745717,-0.002178302938582233,-0.16481403818855023
Miscellaneous personal services,2020,0.010770002069327322,0.005541488247537529,0.5145299148381354
Miscellaneous personal services,2021,0.043830825698971676,-0.010066761978463123,-0.22967310831881732
Miscellaneous personal services,2022,0.04965431564240563,0.004215002814885294,0.08488693803053061
Miscellaneous personal services,2023,0.08057463085046557,0.007736512394554085,0.09601672775779627
Motor fuel,1998,-0.16322916763042017,-0.04023552502453398,0.24649715249197593
Motor fuel,1999,0.27995491507857706,-0.01392111368909521,-0.04972626997882093
Motor fuel,2000,0.145216960511789,0.0035650623885916666,0.024549903647805984
Motor fuel,2001,-0.25007094023200493,-0.009389671361502372,0.03754803078194949
Motor fuel,2002,0.23272508299199257,0.01873048907388153,0.08048332750847485
Motor fuel,2003,0.08530316009812322,0.05513784461152871,0.6463751700183709
Motor fuel,2004,0.24771741298334615,0.06964006259780908,0.2811270381000262
Motor fuel,2005,0.19505902148925214,-0.02977667493796521,-0.15265469246499794
Motor fuel,2006,0.09545521029152604,0.06353443673251458,0.6655942251709103
Motor fuel,2007,0.2826699865010065,-0.02709483191169093,-0.09585323241098487
Motor fuel,2008,-0.4399317593506864,0.00926270280321706,-0.021054862728911113
Motor fuel,2009,0.43301825098980684,0.050103264222299826,0.11570704954761651
Motor fuel,2010,0.13600141402341848,0.04172117652293861,0.30677016722601513
Motor fuel,2011,0.11242477201291179,0.037800995996484676,0.33623369049076923
Motor fuel,2012,0.03245880234266785,0.0344600550086549,1.061655160435675
Motor fuel,2013,-0.003124793592029995,0.002435561988531898,-0.7794313181977746
Motor fuel,2014,-0.21790564743335616,0.013440208124593456,-0.06167902614228474
Motor fuel,2015,-0.18285421564578386,-0.17055048519974236,0.9327128969786747
Motor fuel,2016,0.10761343964105463,-0.044743200407864725,-0.41577706796758823
Motor fuel,2017,0.11325983258850336,0.053086150047502834,0.4687111823692686
Motor fuel,2018,-0.007162742266971445,0.032380305727341074,-4.520657664404856
Motor fuel,2019,0.08667659621736334,-0.051534339079115865,-0.5945588697308851
Motor fuel,2020,-0.1407503610300117,-0.008019497022012323,0.056976742107981905
Motor fuel,2021,0.4158122178854493,0.06867320355289341,0.16515436680076573
Motor fuel,2022,0.039704208312953515,8.816164111007385e-4,0.022204608744537307
Motor fuel,2023,-0.013981291755844727,0.029185511749988846,-2.087468901990988
Motor vehicle fees,1998,0.03082335959214544,0.02200000000000002,0.7137443903294101
Motor vehicle fees,1999,0.01352199205178961,9.699321047527132e-4,0.07172997151882991
Motor vehicle fees,2000,0.03501439556448005,0.020095693779904167,0.5739266223487237
Motor vehicle fees,2001,0.02015474457359767,0.0027726432532346745,0.13756776937112783
Motor vehicle fees,2002,0.03219526186262589,0.008152173913043459,0.25321036206594644
Motor vehicle fees,2003,0.06684498597093924,-0.0017543859649122862,-0.026245588048668344
Motor vehicle fees,2004,0.08465149336248834,0.062397372742200474,0.7371089423668769
Motor vehicle fees,2005,0.02911878224262643,0.006046863189720142,0.20766195300805726
Motor vehicle fees,2006,0.023353985578230096,0.015418502202643403,0.6602086034092648
Motor vehicle fees,2007,0.020264752486516158,0.003995695839311253,0.19717466778683457
Motor vehicle fees,2008,0.038018810265806446,0.010861312637084675,0.2856826018791329
Motor vehicle fees,2009,0.1043656145762274,0.01266405398636783,0.12134316496663905
Motor vehicle fees,2010,0.013790643979588846,0.004443657716277194,0.3222226404259388
Motor vehicle fees,2011,0.018931400053535885,0.0020409269059187274,0.10780644327134888
Motor vehicle fees,2012,0.021415570536901907,0.013930489339453844,0.6504841566303237
Motor vehicle fees,2013,0.016377687506722638,0.003157620796345073,0.19280016150320045
Motor vehicle fees,2014,0.0035308882801311503,0.0035615939555311282,1.008696303299304
Motor vehicle fees,2015,0.023650752170288447,0.0012019912231961971,0.050822536828499416
Motor vehicle fees,2016,0.018720269339429607,0.005033891547049585,0.26890059409812767
Motor vehicle fees,2017,0.0026378856476149126,0.0027721308445760595,1.0508912117106088
Motor vehicle fees,2018,0.027747836529587344,0.011634463166569242,0.41929262319833427
Motor vehicle fees,2019,0.02972196851853559,0.006797806138592932,0.22871318682521308
Motor vehicle fees,2020,9.332951560721003e-4,0.0033482314272987868,3.5875375603472266
Motor vehicle fees,2021,0.018722269394447433,0.007755229408484832,0.4142248594491885
Motor vehicle fees,2022,0.017880833675872676,0.0027515289061166293,0.1538814663786833
Motor vehicle fees,2023,0.026667257895852226,0.011660312026793074,0.4372520066491987
Motor vehicle insurance,1998,-0.0030101990961709513,0.0031335683509596812,-1.0409837525184493
Motor vehicle insurance,1999,0.005151212147281203,0,0
Motor vehicle insurance,2000,0.018289605567771594,-7.818608287725182e-4,-0.04274891691214203
Motor vehicle insurance,2001,0.07044575339452352,0.003071017274472121,0.04359407241020241
Motor vehicle insurance,2002,0.08678625089779946,0.003937007874015741,0.045364419286322316
Motor vehicle insurance,2003,0.04452652130828805,0.006237688772160244,0.14008929035736678
Motor vehicle insurance,2004,0.033771607465236664,9.422110552763652e-4,0.027899502747870234
Motor vehicle insurance,2005,0.009762085906306561,0.001822046765866947,0.18664522965218502
Motor vehicle insurance,2006,0.0081562782046678,-0.0018045112781955863,-0.22124199701315644
Motor vehicle insurance,2007,0.005180123716296059,-0.002153937947493967,-0.4158082056453462
Motor vehicle insurance,2008,0.03910850887191075,0.002148909962453427,0.05494737652850931
Motor vehicle insurance,2009,0.046149999510577966,0.002589150119323591,0.05610292842430337
Motor vehicle insurance,2010,0.043437376129363936,0.002115600097055914,0.04870460155685498
Motor vehicle insurance,2011,0.033896200157015666,0.002459375913780981,0.07255609485395229
Motor vehicle insurance,2012,0.0460009689118438,-5.527609018836088e-4,-0.012016288242600263
Motor vehicle insurance,2013,0.033029579484316396,0.0017768755439722117,0.05379649307421351
Motor vehicle insurance,2014,0.046419257392912416,0.002204647256438985,0.047494237957705986
Motor vehicle insurance,2015,0.055356469137245456,0.004619843050076566,0.08345624498958877
Motor vehicle insurance,2016,0.0679160261447258,0.002242870874719749,0.03302417709099025
Motor vehicle insurance,2017,0.07617540757420782,0.006560425856352303,0.0861226223169378
Motor vehicle insurance,2018,0.04532876847915712,0.012016377336162787,0.2650938408284378
Motor vehicle insurance,2019,3.096082575242409e-4,2.1996285071868016e-4,0.7104553750523209
Motor vehicle insurance,2020,-0.03573750798921238,-4.991456929487326e-4,0.013966997729651525
Motor vehicle insurance,2021,0.040701768696117635,0.011324297365487457,0.27822617365931895
Motor vehicle insurance,2022,0.13405988393953372,0.010859784283513196,0.08100696468162978
Motor vehicle insurance,2023,0.18608888431624004,0.015016084257773565,0.08069307477955096
Motor vehicle maintenance and repair,1998,0.029368372869875925,0.0018214936247724633,0.06202228611176574
Motor vehicle maintenance and repair,1999,0.02449406196945736,0.001179245283019048,0.048144129156262316
Motor vehicle maintenance and repair,2000,0.03455756553982736,0.004602991944764101,0.13319780698843453
Motor vehicle maintenance and repair,2001,0.0355654795866196,0.0038910505836575737,0.10940526119381953
Motor vehicle maintenance and repair,2002,0.03642726219633696,0.00375536480686689,0.10309215078053602
Motor vehicle maintenance and repair,2003,0.024068474866864253,0.0020693222969476732,0.08597646125873008
Motor vehicle maintenance and repair,2004,0.026465348362761265,0.0010101010101009056,0.03816692666408252
Motor vehicle maintenance and repair,2005,0.0358255948475934,0.0034431874077716085,0.09610970654972686
Motor vehicle maintenance and repair,2006,0.0378277267664453,0.0023730422401517792,0.06273287990059086
Motor vehicle maintenance and repair,2007,0.032961214714597675,0.0021115173674588483,0.06406066602040948
Motor vehicle maintenance and repair,2008,0.05703611253471319,0.007128958075358183,0.1249902519394072
Motor vehicle maintenance and repair,2009,0.02505844315752903,0.007185948963050803,0.286767574420988
Motor vehicle maintenance and repair,2010,0.019063421914571,6.112046027781926e-4,0.03206164168831737
Motor vehicle maintenance and repair,2011,0.021835479053876172,0.002366731431952429,0.10838926071247765
Motor vehicle maintenance and repair,2012,0.012462228934662867,0.002976795856738157,0.2388654447246107
Motor vehicle maintenance and repair,2013,0.01625320714015288,0.0035040275068090043,0.21558991259961538
Motor vehicle maintenance and repair,2014,0.020748591212481182,0.002421307506053294,0.11669744134709117
Motor vehicle maintenance and repair,2015,0.016196547802709738,0.0010462120422356502,0.06459475531326592
Motor vehicle maintenance and repair,2016,0.018316491982139582,4.762480446354189e-4,0.02600105113467189
Motor vehicle maintenance and repair,2017,0.018259191002713115,0.005471183660549217,0.2996399818445548
Motor vehicle maintenance and repair,2018,0.023081312299592205,6.993822123790849e-4,0.030300799335029206
Motor vehicle maintenance and repair,2019,0.03373282961722757,0.0036347318824321295,0.10775057781028394
Motor vehicle maintenance and repair,2020,0.03380396291205723,0.0016621386183557352,0.049169933793853565
Motor vehicle maintenance and repair,2021,0.04689569009528849,0.0024976765799256118,0.05326025856215192
Motor vehicle maintenance and repair,2022,0.12330982081363595,0.0023407086187354764,0.018982337362026515
Motor vehicle maintenance and repair,2023,0.06863182894847675,0.013134946588184038,0.19138272707324613
Motor vehicle parts and equipment,1998,-0.001934124390526648,-9.861932938857176e-4,0.509891348620646
Motor vehicle parts and equipment,1999,-0.00387550689447691,0,-0
Motor vehicle parts and equipment,2000,0.02263671251422461,0,0
Motor vehicle parts and equipment,2001,0.025942480956912428,0.004849660523763344,0.18693896438887592
Motor vehicle parts and equipment,2002,0.011343125435940848,0.003780718336483968,0.33330481601699563
Motor vehicle parts and equipment,2003,0.0065713335620343205,0.007476635514018559,1.1377653323238062
Motor vehicle parts and equipment,2004,0.020260269012824295,0.0027855153203342198,0.13748659105024968
Motor vehicle parts and equipment,2005,0.03671212087908593,0.006369426751592355,0.17349656187313534
Motor vehicle parts and equipment,2006,0.04725804292591085,0.0035087719298245723,0.07424708499515047
Motor vehicle parts and equipment,2007,0.03645788241375725,0.0021673640167363395,0.059448434007744036
Motor vehicle parts and equipment,2008,0.07151276545558027,0.0028564973210249978,0.039943879988801355
Motor vehicle parts and equipment,2009,0.012776290383759603,0.0025323684783995493,0.19820843158187237
Motor vehicle parts and equipment,2010,0.03248156814743797,0.0036800439231048365,0.11329637492871801
Motor vehicle parts and equipment,2011,0.057996776553471685,0.00907895965465455,0.1565424872584765
Motor vehicle parts and equipment,2012,0.008539135023193034,0.004250876277127391,0.49781110915586196
Motor vehicle parts and equipment,2013,-0.020982862082015163,-0.005579419337057301,0.2659036367512292
Motor vehicle parts and equipment,2014,-0.006661717833684633,-0.0015515158172232368,0.23290026025690808
Motor vehicle parts and equipment,2015,-0.00300612589264293,0.0015204605613263755,-0.5057873873637457
Motor vehicle parts and equipment,2016,-0.010377792177685308,0.003736697979132675,-0.3600667574715414
Motor vehicle parts and equipment,2017,-0.005245371025311529,0.001807545451360859,-0.34459820718850037
Motor vehicle parts and equipment,2018,0.021832107716072358,0.004106241063819294,0.18808266784046515
Motor vehicle parts and equipment,2019,0.018195357674676504,0.0033492987836396537,0.18407435806008143
Motor vehicle parts and equipment,2020,0.004206448822358211,0.003911828204416823,0.9299597759574741
Motor vehicle parts and equipment,2021,0.10766753307278554,0.005628087865573006,0.05227284126374753
Motor vehicle parts and equipment,2022,0.09454915004413389,0.017375031794673035,0.18376719184215484
Motor vehicle parts and equipment,2023,-0.012108929185438821,0.0027785434698717193,-0.22946236015757376
New vehicles,1998,7.934539477416624e-5,0.002081887578070818,26.2382912580662
New vehicles,1999,-0.0034029438437804815,0.002081887578070818,-0.611790165704867
New vehicles,2000,8.228548143318637e-5,-0.002089136490250554,-25.388883359051345
New vehicles,2001,-5.464545219148187e-4,6.963788300835549e-4,-1.2743582533517885
New vehicles,2002,-0.020254298885820643,-0.0055749128919861946,0.275245908210084
New vehicles,2003,-0.018554814312502388,-0.006401137980085347,0.3449852891156236
New vehicles,2004,0.006019567883623234,0,0
New vehicles,2005,-0.003336043701683389,0.007204610951008661,-2.159627269682699
New vehicles,2006,-0.008640114037844704,0.007230657989877098,-0.8368706660821809
New vehicles,2007,-0.003117015881238361,0.0036688548504741902,-1.1770407948696717
New vehicles,2008,-0.03230268592353103,0.0011927061991454657,-0.03692281818202101
New vehicles,2009,0.04875766832751649,0.0072935876893309715,0.1495885250364776
New vehicles,2010,-0.002060800679152708,-8.209884989593963e-4,0.39838326300287485
New vehicles,2011,0.031270109222591325,0.0025835877229065662,0.0826216405102939
New vehicles,2012,0.015516110337221112,0.0033927234825430475,0.21865811784054856
New vehicles,2013,0.00404357959781787,0.0047526880239150415,1.1753665060729468
New vehicles,2014,0.0052128916424505345,7.820753810903192e-4,0.15002717008763153
New vehicles,2015,0.0020330981121226,2.320438972454042e-4,0.11413315268053895
New vehicles,2016,0.0033208539802176418,0.004352357015876773,1.3106137884423117
New vehicles,2017,-0.0051324411580169205,0.010516025227598425,-2.0489324482896984
New vehicles,2018,-0.0026755570029592946,0.0032350090771353646,-1.2090974229131688
New vehicles,2019,6.991185848628234e-4,0.006384900702133711,9.13278639758449
New vehicles,2020,0.019535659206868283,0.007064697031869738,0.3616308493642208
New vehicles,2021,0.11210038165765013,0.0019182915132369693,0.017112265675377908
New vehicles,2022,0.05739100408875819,0.005574457105482766,0.09713120015920225
New vehicles,2023,0.010223964479955439,0.0046071981095188175,0.45062735874634985
Nonalcoholic beverages and beverage materials,1998,-0.010447491299820477,0.007513148009015813,-0.7191341723486205
Nonalcoholic beverages and beverage materials,1999,0.022684988168415576,0.013667425968109326,0.6024876833367078
Nonalcoholic beverages and beverage materials,2000,0.015048992307003628,0.017817371937639326,1.1839578075501658
Nonalcoholic beverages and beverage materials,2001,0.013409520539134578,0.019751280175567043,1.4729296336826185
Nonalcoholic beverages and beverage materials,2002,0.009755861508717656,0.0072202166064982976,0.7400901089100584
Nonalcoholic beverages and beverage materials,2003,-0.0031465883548715823,0.005722460658082795,-1.8186238594645592
Nonalcoholic beverages and beverage materials,2004,0.009459326012120073,0.010050251256281229,1.0624701213811654
Nonalcoholic beverages and beverage materials,2005,0.034440839816771596,0.011379800853485111,0.33041589328328486
Nonalcoholic beverages and beverage materials,2006,0.020601901081144236,0.011683848797250818,0.5671247886897384
Nonalcoholic beverages and beverage materials,2007,0.03455467679969537,0.017690235690235756,0.511949100053273
Nonalcoholic beverages and beverage materials,2008,0.05819037942657346,0.027432833489534625,0.4714324560153501
Nonalcoholic beverages and beverage materials,2009,-0.009132020945009645,0.013099846390169034,-1.434495876548299
Nonalcoholic beverages and beverage materials,2010,-0.01211497325399391,0.015308654227868201,-1.2636143643834656
Nonalcoholic beverages and beverage materials,2011,0.05728103936204021,0.03008245985341862,0.5251730797565465
Nonalcoholic beverages and beverage materials,2012,-0.0017368392754777418,0.011476382625207782,-6.60762500436377
Nonalcoholic beverages and beverage materials,2013,-0.01437701318043616,0.008257829778126391,-0.5743772836880623
Nonalcoholic beverages and beverage materials,2014,0.007388216456997054,0.007673421127244895,1.038602641369249
Nonalcoholic beverages and beverage materials,2015,0.0032141054107290845,0.0097318209584496,3.0278474769257935
Nonalcoholic beverages and beverage materials,2016,-0.008943273380311645,0.007379897541228253,-0.8251897518278801
Nonalcoholic beverages and beverage materials,2017,4.8609770326502044e-4,0.006682131774771838,13.746478804341809
Nonalcoholic beverages and beverage materials,2018,0.014131803456673864,0.010029757960555497,0.7097295112619797
Nonalcoholic beverages and beverage materials,2019,0.010112585272562868,0.01791028816851714,1.7710889634830316
Nonalcoholic beverages and beverage materials,2020,0.04406872670136741,0.013570109290260257,0.3079305962756394
Nonalcoholic beverages and beverage materials,2021,0.05087806003536943,0.01267327178817057,0.24909109701431933
Nonalcoholic beverages and beverage materials,2022,0.11981982236943833,0.010689631164880531,0.08921421308672434
Nonalcoholic beverages and beverage materials,2023,0.026245458694876378,0.014430117342766335,0.5498138748698408
Other food at home,1998,0.031424854287034565,0.00677048070413,0.2154498678749133
Other food at home,1999,0.0059339019482661515,0.003937007874015741,0.6634770692775114
Other food at home,2000,0.019516785909022505,0.0065231572080886036,0.3342331692572896
Other food at home,2001,0.029220280035170076,0.009596928982725572,0.32843384701223016
Other food at home,2002,0.001377009852680744,0.0024860161591051533,1.8053728186950957
Other food at home,2003,0.011829295851939703,0.004345127250155345,0.3673191798176943
Other food at home,2004,0.0037831891554295227,-0.0012269938650305567,-0.32432791875331185
Other food at home,2005,0.02435997088103925,0.012224938875305513,0.5018453813021951
Other food at home,2006,0.006660721572707695,0.008949880668257748,1.3436803461249427
Other food at home,2007,0.03140907018307315,0.012910491997628837,0.4110434317978157
Other food at home,2008,0.08918682209455686,0.011651355590410084,0.13063987836742502
Other food at home,2009,-0.0013446262656896524,0.012034510496679696,-8.950078400043191
Other food at home,2010,0.0012529275857149358,0.005649717514124353,4.5092131249553065
Other food at home,2011,0.053570074669974765,0.0069472565962123145,0.12968540064600934
Other food at home,2012,0.02014252768488467,0.010919098949971673,0.5420917930854114
Other food at home,2013,-0.004370628681702238,0.0037189799927672684,-0.8509027564699982
Other food at home,2014,0.015220567299990662,0.004196936972314935,0.2757411658576951
Other food at home,2015,0.010104871939831561,0.0018710928245766478,0.18516739605587096
Other food at home,2016,-0.0028811121156948616,-5.025967498742956e-4,0.17444539805875628
Other food at home,2017,0.0053061135001168935,0.0024147747730447477,0.4550929362878405
Other food at home,2018,0.0016387116377799549,0.0010028605403029633,0.6119810936728252
Other food at home,2019,0.003363767890475877,0.0012730107419220982,0.378447854718657
Other food at home,2020,0.03815943321846604,0.0015729546836984465,0.04122059870997416
Other food at home,2021,0.05489293649502658,-0.0032489223644832643,-0.05918652875816953
Other food at home,2022,0.13152344106886205,0.013634650295265782,0.10366707397905636
Other food at home,2023,0.027274652653816123,0.0066961994030076966,0.2455099791003498
Personal care products,1998,0.02328052890184351,0.005505849965588228,0.2365002096302132
Personal care products,1999,0.02538925516942203,0.00806993947545398,0.31784861043001944
Personal care products,2000,0.019596396059250787,0.0019672131147541183,0.10038647457451567
Personal care products,2001,-4.34549457262734e-4,-0.0012861736334404128,2.959786537399301
Personal care products,2002,-0.012897619133264482,-0.0012870012870014325,0.09978595845508449
Personal care products,2003,4.4037898993543045e-5,-0.0026075619295958807,-59.2117696163981
Personal care products,2004,5.8408448401880975e-5,0.0026075619295957697,44.643574704370955
Personal care products,2005,0.013029588563030603,-0.001955671447196994,-0.15009464326033303
Personal care products,2006,0.023144894543541072,0.002574002574002643,0.11121254275582589
Personal care products,2007,-0.004748739812222236,-0.008182389937106849,1.7230655417353327
Personal care products,2008,0.019857595631547098,-2.2118860436304288e-4,-0.011138740483346732
Personal care products,2009,0.005515761474487402,0.007379319318203015,1.3378604844200228
Personal care products,2010,-0.00990917031218952,-0.0039932213834540375,0.40298241504052823
Personal care products,2011,0.0012154808770552528,0.0016432626232445458,1.3519444478844294
Personal care products,2012,0.0021932562343737194,0.0026799316026737685,1.2218962657771806
Personal care products,2013,0.007888458919732555,-0.003605403761782644,-0.45704792260043603
Personal care products,2014,0.0031468606659811327,0.002124397317717408,0.6750846456861033
Personal care products,2015,8.923124011787076e-4,0.011841547934021257,13.270630239341138
Personal care products,2016,-0.0027943504555256737,0.00176045538748415,-0.6300052250078177
Personal care products,2017,-0.007707299855702399,-0.0011503020311750545,0.1492483817564177
Personal care products,2018,-0.003556119030371452,0.003942890088838968,-1.1087621238671297
Personal care products,2019,-0.008464928070720634,0.004168559109545944,-0.49245062388239136
Personal care products,2020,-0.003061996306427117,7.404990210351237e-4,-0.2418353737007518
Personal care products,2021,0.0014097819404665923,0.005911385870591701,4.193120723787413
Personal care products,2022,0.07305066897448176,0.007317993210109286,0.10017694995600418
Personal care products,2023,0.03222168484824672,0.002811911749231122,0.08726768207417702
Personal care services,1998,0.02653548773885661,0.0024405125076265577,0.09197164686190604
Personal care services,1999,0.03509552976526642,0.002970885323826611,0.08465138847303728
Personal care services,2000,0.03945733187950062,0.0034423407917383297,0.08724210755686546
Personal care services,2001,0.027801892177385268,0.001654715940430096,0.05951810509415909
Personal care services,2002,0.01863179370663892,-5.364806866952065e-4,-0.028793829254563214
Personal care services,2003,0.022999957572215957,0.0036861506055818616,0.16026771327764303
Personal care services,2004,0.034966036217283225,0.0015440041173442332,0.044157253277140214
Personal care services,2005,0.026547664684835937,0.0034791252485091295,0.13105202622573467
Personal care services,2006,0.028216301903914554,-9.680542110357404e-4,-0.03430833049392056
Personal care services,2007,0.03319322234722211,0.00727058823529414,0.21903833738222783
Personal care services,2008,0.02978604732915624,0.0012565101795534162,0.04218452235934891
Personal care services,2009,0.009124291039645849,-0.002417348341221759,-0.26493547068130197
Personal care services,2010,0.00795533043053298,0.0012525017189053411,0.15744182216469263
Personal care services,2011,0.009281733103437051,-9.819298832546286e-4,-0.10579165251918494
Personal care services,2012,0.01777010435111681,-0.0011321469466470946,-0.06371076524240792
Personal care services,2013,0.017841990274064745,0.0024993656432377165,0.14008334299289546
Personal care services,2014,0.01501559280548026,-1.70330149682818e-4,-0.011343551459430386
Personal care services,2015,0.023915446049814437,-8.185148048864832e-4,-0.0342253622692868
Personal care services,2016,0.01911449200148141,0.002465899054006071,0.12900677945377567
Personal care services,2017,0.015168662486764295,0.0023447670132843434,0.15457968132195668
Personal care services,2018,0.03537025417092354,0.00475425411121333,0.13441390859785254
Personal care services,2019,0.0266671664300967,0.0012340385870071024,0.04627557975617388
Personal care services,2020,0.0546785152731476,0.006824922584322213,0.12481909119565844
Personal care services,2021,0.04121593605619034,0.007395285033056975,0.17942780731644348
Personal care services,2022,0.0611937728387808,0.012260968864069799,0.20036301563513928
Personal care services,2023,0.03686507181370802,0.0021706861107142483,0.05888191732498115
Processed fruits and vegetables,1998,0.020168718994556967,0.016000000000000014,0.7933076961565092
Processed fruits and vegetables,1999,0.014193368247508942,0.020588235294117574,1.4505531692754456
Processed fruits and vegetables,2000,0.018800987177962192,0.01934235976789167,1.0287949023530027
Processed fruits and vegetables,2001,0.04513293100292737,0.026590693257359854,0.5891638913421146
Processed fruits and vegetables,2002,0.02945019088168699,0.02270663033605813,0.7710181040007382
Processed fruits and vegetables,2003,-0.007192848254875206,-0.0026478375992938785,0.36812087582957326
Processed fruits and vegetables,2004,0.016614078714830005,0.024021352313167155,1.445843174663985
Processed fruits and vegetables,2005,0.05316135003471967,0.03239929947460607,0.6094521575062728
Processed fruits and vegetables,2006,0.026531907843784563,0.012468827930174564,0.4699559490251865
Processed fruits and vegetables,2007,0.04018469675747438,0.010939271255060667,0.2722248054049569
Processed fruits and vegetables,2008,0.12806147934018175,0.017737064939916447,0.13850429521276897
Processed fruits and vegetables,2009,-0.0024595113705518923,0.017202133640489725,-6.994126494576734
Processed fruits and vegetables,2010,-0.008783951903443388,0.020220499735207786,-2.301982064278058
Processed fruits and vegetables,2011,0.06825340050839579,0.024998784781295358,0.3662643120355634
Processed fruits and vegetables,2012,0.0015440595046438688,0.010203485541816715,6.608220415812348
Processed fruits and vegetables,2013,0.004018837635901384,0.0221968675448605,5.523205851007705
Processed fruits and vegetables,2014,0.004615103591660397,0.018574871268066007,4.02480050537354
Processed fruits and vegetables,2015,-0.0014508583102864625,0.016946316284039087,-11.680200722490364
Processed fruits and vegetables,2016,0.0014890641314176944,0.023798467610866014,15.982164306253344
Processed fruits and vegetables,2017,-0.027316986152443934,0.007822517768198312,-0.28636093764313253
Processed fruits and vegetables,2018,0.009406058488543145,0.02247451497307429,2.3893658539811238
Processed fruits and vegetables,2019,0.016782216090805657,0.008956595968218517,0.5336956644912645
Processed fruits and vegetables,2020,0.0471624021116257,0.011640450889829124,0.24681632759667496
Processed fruits and vegetables,2021,0.043666966697769816,0.005278183712856821,0.12087360565684521
Processed fruits and vegetables,2022,0.1449852271688694,0.017317014128746866,0.11943985236907707
Processed fruits and vegetables,2023,0.02717005701330899,0.008135984986013867,0.2994467395496643
Public transportation,1998,0.022987242644759265,0.01519262072707539,0.660915315588713
Public transportation,1999,0.06868994181129429,0.010615711252653925,0.1545453522411988
Public transportation,2000,0.04160904028291823,-0.008449304174950267,-0.20306414465461636
Public transportation,2001,-0.021597964120346314,0.003341288782816143,-0.15470387691164322
Public transportation,2002,-0.008428381461712542,0.0048828125,-0.5793297944784613
Public transportation,2003,0.01357094492453692,-0.003940886699507429,-0.2903914739482964
Public transportation,2004,-1.2468170716584126e-4,0.003404669260700377,-27.306886776676617
Public transportation,2005,0.058974381874756676,-0.004868549172346692,-0.08255362782243285
Public transportation,2006,0.0024152286261827083,0.010569852941176627,4.376336395897385
Public transportation,2007,0.06995139872160372,0.016542699724517718,0.2364884766687115
Public transportation,2008,0.022327988004985366,0.003967301891966146,0.17768291039391151
Public transportation,2009,0.032139659039337576,-0.013651015409993361,-0.4247405174175961
Public transportation,2010,0.04856622885218953,-0.01690436087649827,-0.34806822098430573
Public transportation,2011,0.037909247144544245,0.009573359463705078,0.2525336213405346
Public transportation,2012,0.02444078639767966,-0.011200263711894753,-0.4582611839755727
Public transportation,2013,9.860405736669131e-4,7.791808723900395e-4,0.7902117754570703
Public transportation,2014,-0.023545461586639505,-0.02274116729694209,0.9658407932782341
Public transportation,2015,-0.004764128772035803,-0.011972595305928757,2.5130713040765773
Public transportation,2016,-0.02007442544171345,-0.003401994771430883,0.16946909794796627
Public transportation,2017,-0.013242123256154925,0.006810694620758229,-0.5143204370637937
Public transportation,2018,-0.014933433828820952,0.002014094705977909,-0.13487150571429754
Public transportation,2019,0.012570242757710348,-0.0013964400838669677,-0.11109093999083017
Public transportation,2020,-0.11875547464317426,0.00672772636328145,-0.05665192601432747
Public transportation,2021,0.03487338585514144,-0.014432335682080799,-0.413849568322114
Public transportation,2022,0.1978897662467708,0.0016420506601397822,0.008297804839953807
Public transportation,2023,-0.0654248341781074,-0.013570434536700038,0.2074202358657411
Recreation,1998,0.011955195164550347,0.0029999999999998916,0.2509369323300985
Recreation,1999,0.007904005290609972,0.004940711462450675,0.6250895945528129
Recreation,2000,0.016556219848392173,0.002941176470588225,0.1776478264676977
Recreation,2001,0.015351581357893385,0.0038572806171648377,0.2512627544511253
Recreation,2002,0.011354728679104809,0.003798670465337217,0.33454524301647154
Recreation,2003,0.011222053862096515,0.003755868544601082,0.3346863765541941
Recreation,2004,0.0074295271686215525,0.0018570102135562205,0.24994998623859443
Recreation,2005,0.011029378724366823,0.0036866359447005337,0.3342559936359586
Recreation,2006,0.010008861202212338,0.001823154056517895,0.18215399531316398
Recreation,2007,0.008154147517244636,0.00191335740072196,0.23464836718682539
Recreation,2008,0.01751162739050338,0.0033839129850947725,0.19323806460899692
Recreation,2009,-0.0040159077790077324,0.0013019687879374242,-0.3242028601212352
Recreation,2010,-0.007659764903609645,8.656326184504071e-4,-0.11301033769880847
Recreation,2011,0.010244825351598208,0.00260803774088747,0.2545712251190902
Recreation,2012,0.008309412846084885,0.006026484814844357,0.7252600065098262
Recreation,2013,0.0036308403075906437,0.003268030967651825,0.9000756548889444
Recreation,2014,2.0787220111151417e-4,0.00365678464150454,17.591503923811526
Recreation,2015,0.006531775885415092,0.0035952121871598575,0.5504187911878092
Recreation,2016,0.008087231705664721,0.0037794594594593445,0.4673366112179045
Recreation,2017,0.015201446507063676,0.006674731251983923,0.43908527052885177
Recreation,2018,0.011543630837333674,0.002628109789075239,0.22766751866107623
Recreation,2019,0.015307298559467442,0.004678167160937274,0.3056167711607
Recreation,2020,0.009500080401245725,0.00362828582006669,0.381921590852107
Recreation,2021,0.03224388408107859,-0.0044990708440647564,-0.13953253375901165
Recreation,2022,0.05000796506551297,0.009803070365839162,0.19603017945234608
Recreation,2023,0.02707717458669534,0.0067957228246178225,0.25097606852810167
Rent of primary residence,1998,0.03377310950034551,0.0023654642223536193,0.0700398706944476
Rent of primary residence,1999,0.03045196989763377,0.002287021154945723,0.07510256849174914
Rent of primary residence,2000,0.03976061568473477,0.00443704936217415,0.11159408087027334
Rent of primary residence,2001,0.04593026936920297,0.0031982942430703876,0.06963369226863056
Rent of primary residence,2002,0.03062788823845719,0.003054989816700493,0.09974536255700994
Rent of primary residence,2003,0.026349217181126594,0.003950617283950741,0.14993300395962
Rent of primary residence,2004,0.028486477980846914,0.0019240019240018835,0.06754088467150976
Rent of primary residence,2005,0.030428923085749293,0.0028050490883591017,0.09218364647524394
Rent of primary residence,2006,0.042259364820135925,0.0018140589569162202,0.04292679183980185
Rent of primary residence,2007,0.038877712010169097,0.0035043478260869954,0.09013770731082056
Rent of primary residence,2008,0.033672855275978186,0.0031283719918695496,0.09290486257342402
Rent of primary residence,2009,0.006942473228554236,0.0028146458641691297,0.4054240861300775
Rent of primary residence,2010,0.007957922418330932,5.823316559505631e-4,0.07317634243444905
Rent of primary residence,2011,0.02444717649152861,0.0022670587204067782,0.09273294693938808
Rent of primary residence,2012,0.026544903181866086,0.0020413003666563956,0.07689989873652625
Rent of primary residence,2013,0.02837198919045747,0.002279456868283569,0.08034180659600115
Rent of primary residence,2014,0.0333008042836056,0.0023151556196814305,0.06952251362953447
Rent of primary residence,2015,0.03617528894977928,0.0024851000804630985,0.06869606719418507
Rent of primary residence,2016,0.038899533834226396,0.0027472150107827886,0.07062334017909505
Rent of primary residence,2017,0.03628737493266043,0.0024179562984127934,0.06663354135976679
Rent of primary residence,2018,0.03422058125585559,0.002816147612008768,0.08229397364566648
Rent of primary residence,2019,0.03625758974784454,0.0024075242830534638,0.06640056053909615
Rent of primary residence,2020,0.022529877888772587,0.0030761099679621484,0.13653469331474183
Rent of primary residence,2021,0.0328291898975861,8.796504623245216e-4,0.02679476603195748
Rent of primary residence,2022,0.08047218221108898,0.005074017155010546,0.06305305778462351
Rent of primary residence,2023,0.06287583084473858,0.007060824739594906,0.11229791550636428
Tenants' and household insurance,1998,-9.327490586779064e-4,0.0029999999999998916,-3.2162991450799643
Tenants' and household insurance,1999,0.022919353100272377,-0.002002002002002068,-0.08734984766992729
Tenants' and household insurance,2000,0.02422031952172099,0.001956947162426559,0.08079774342661136
Tenants' and household insurance,2001,0.015277296106217975,0.002865329512893977,0.18755475399391955
Tenants' and household insurance,2002,0.05512068575052531,9.407337723426057e-4,0.01706680095745435
Tenants' and household insurance,2003,0.017904635962090465,0.014247551202137165,0.795746488915136
Tenants' and household insurance,2004,0.03792029493886062,0.004374453193350725,0.11535915531257633
Tenants' and household insurance,2005,-0.02203591256484272,-0.0016849199663016012,0.07646245470177683
Tenants' and household insurance,2006,0.008799546833499705,-0.0017226528854434875,-0.19576609091793012
Tenants' and household insurance,2007,-7.327866271545913e-4,0.0027070879590094243,-3.694237665773242
Tenants' and household insurance,2008,0.02557166838064895,0.0036922130201790804,0.1443868646041538
Tenants' and household insurance,2009,0.031223512188172986,0.003191161399445086,0.1022037937376517
Tenants' and household insurance,2010,0.019163358075964032,0.00442606532484735,0.230965017055065
Tenants' and household insurance,2011,0.02577815982998055,-1.5848614038804776e-5,-6.148078118583352e-4
Tenants' and household insurance,2012,0.03335321614726483,0.003467717021933936,0.10396949447462235
Tenants' and household insurance,2013,0.02585443740713611,7.022681767923089e-4,0.027162384767207316
Tenants' and household insurance,2014,0.0543771502592757,0.006247678965419334,0.11489529950778544
Tenants' and household insurance,2015,0.019117504019210863,0.006704835483203553,0.3507170955196858
Tenants' and household insurance,2016,2.362066369853144e-4,0.0012384948565242748,5.243268658032142
Tenants' and household insurance,2017,0.006145419432753596,-2.3681771125827478e-4,-0.0385356465656508
Tenants' and household insurance,2018,0.018774787143190474,0.002515148050760141,0.13396413134155682
Tenants' and household insurance,2019,9.781753798165926e-4,8.778414341155116e-4,0.8974274472948873
Tenants' and household insurance,2020,9.264805691567846e-4,-0.002657364790905614,-2.868235858766207
Tenants' and household insurance,2021,-0.009018039144131018,0.004657873585178995,-0.5165062504979656
Tenants' and household insurance,2022,0.004509863702859329,-0.0030982394553480397,-0.686991816046171
Tenants' and household insurance,2023,0.03504566299701861,0.0013900012576200105,0.039662575587120726
Tobacco and smoking products,1998,0.29343773787438276,0.010350318471337605,0.03527262221387644
Tobacco and smoking products,1999,0.11546733528954356,0.06944444444444442,0.6014206898453743
Tobacco and smoking products,2000,0.07655249842981615,0.016255757247358504,0.2123478342416465
Tobacco and smoking products,2001,0.09063242837750651,0.019415027735753876,0.21421722978540833
Tobacco and smoking products,2002,0.09575445384696957,0.002548065786425857,0.026610415328545037
Tobacco and smoking products,2003,-0.004246224459892756,-2.116402116402183e-4,0.04984197459160309
Tobacco and smoking products,2004,0.0302578568886257,0.005527210884353817,0.18267026989712426
Tobacco and smoking products,2005,0.057042032219550176,0.018770627062706158,0.3290665905881391
Tobacco and smoking products,2006,0.02747801681363149,0.0038978756577665585,0.14185432974307202
Tobacco and smoking products,2007,0.07267158298904763,0.030678930400151794,0.4221585541184018
Tobacco and smoking products,2008,0.06180419021292993,0.010566511851151095,0.17096756408824357
Tobacco and smoking products,2009,0.27304512020341065,0.007896867802550167,0.02892147567650076
Tobacco and smoking products,2010,0.054800761994075464,0.003907914579596161,0.07131131826266664
Tobacco and smoking products,2011,0.023227348000244508,4.820703653585223e-4,0.020754429879530273
Tobacco and smoking products,2012,0.01868768787315822,0.004666713101622921,0.2497212674621928
Tobacco and smoking products,2013,0.03152075210605498,0.005447624124364614,0.17282659074997617
Tobacco and smoking products,2014,0.02920417325968061,0.006851684227312749,0.23461318923115038
Tobacco and smoking products,2015,0.03519700465075104,0.0011192234814394464,0.031798827557775265
Tobacco and smoking products,2016,0.03513337040612563,0.0032619262532926907,0.09284410278849768
Tobacco and smoking products,2017,0.06345225062217574,0.0014746697502521222,0.02324062166105018
Tobacco and smoking products,2018,0.033500347753753545,0.003141046155609839,0.09376159849737382
Tobacco and smoking products,2019,0.053603821827052034,0.0034640858657166707,0.06462385978546895
Tobacco and smoking products,2020,0.04970031860887625,0.002664681149264325,0.053614971168181313
Tobacco and smoking products,2021,0.08709808299644273,0.01786899295377764,0.20515942876156584
Tobacco and smoking products,2022,0.053456243260497915,-8.493727943829077e-4,-0.015889122440644107
Tobacco and smoking products,2023,0.07530307982138218,0.0066693776189865606,0.08856712945614215
Used cars and trucks,1998,0.03477804324825018,0.0013522650439485862,0.03888272362812201
Used cars and trucks,1999,0.012902725966605355,-0.016329196603527052,-1.2655617615835628
Used cars and trucks,2000,0.033242543607843844,-0.007096774193548372,-0.2134846923047679
Used cars and trucks,2001,-0.018862002775415054,0.0012484394506866447,-0.06618806420248621
Used cars and trucks,2002,-0.056569609076158045,-0.010178117048346036,0.1799219972449081
Used cars and trucks,2003,-0.12401367547088549,-0.0013468013468013185,0.010860103465907718
Used cars and trucks,2004,0.047384460111237314,-0.0015267175572518665,-0.0322197942884191
Used cars and trucks,2005,0.013913245616351322,0.0014566642388929019,0.10469622107303132
Used cars and trucks,2006,-0.0214907753417517,7.183908045977905e-4,-0.033427868151509645
Used cars and trucks,2007,0.005552707190106587,-0.006923641703377226,-1.2468947967782762
Used cars and trucks,2008,-0.08345018090376011,0.001898600147506535,-0.022751300559744954
Used cars and trucks,2009,0.08904211345255131,-0.008102762088606053,-0.09099921120946715
Used cars and trucks,2010,0.03672784299743903,0.01286697815233695,0.35033307437178224
Used cars and trucks,2011,0.0401714281564417,7.090008002583748e-4,0.017649379989610418
Used cars and trucks,2012,-0.018755850401154572,-0.0067301201566085656,0.3588277797414226
Used cars and trucks,2013,0.02050140076606466,1.79021441260252e-4,0.00873215656349593
Used cars and trucks,2014,-0.04199183582214272,-0.0053784847114716205,0.12808405744041063
Used cars and trucks,2015,0.004711750812052884,-0.0034940157935148264,-0.7415536035091175
Used cars and trucks,2016,-0.03505487557329123,0.0013616519505315061,-0.038843439842900666
Used cars and trucks,2017,-0.009551191771905887,-5.673758865248901e-4,0.05940367443922377
Used cars and trucks,2018,0.015530138179078445,0.003210449756828826,0.20672383721310414
Used cars and trucks,2019,-0.005767097694729273,0.0052944542221644575,-0.918044829898273
Used cars and trucks,2020,0.09873288789370638,-0.007737465815861544,-0.07836766432064184
Used cars and trucks,2021,0.33111696866113405,-0.008164834218077899,-0.02465845906687377
Used cars and trucks,2022,-0.08997924863693829,0.01510397559421528,-0.16786065479563023
Used cars and trucks,2023,-0.009504746525694219,-0.015921509657743194,1.6751114419203619
Water and sewer and trash collection services,1998,0.026683421739078117,0.0020000000000000018,0.07495290594875181
Water and sewer and trash collection services,1999,0.01930750160921102,0.0029211295034079487,0.15129505425053894
Water and sewer and trash collection services,2000,0.03015368517911554,0.0047755491881567025,0.15837365017872676
Water and sewer and trash collection services,2001,0.028373337745507543,0.001853568118628246,0.06532781357109557
Water and sewer and trash collection services,2002,0.03197759927307531,0.00540540540540535,0.1690372488330175
Water and sewer and trash collection services,2003,0.044494204895073386,0.0017452006980802626,0.0392231011250973
Water and sewer and trash collection services,2004,0.053006039288823636,0.006677796327211993,0.1259818016363281
Water and sewer and trash collection services,2005,0.051079324231774414,0.010292953285827355,0.20150919066827666
Water and sewer and trash collection services,2006,0.04715624189882073,0.008276899924755332,0.17552077077122463
Water and sewer and trash collection services,2007,0.05313326087820136,0.00957645369705662,0.18023463154292285
Water and sewer and trash collection services,2008,0.0630098039010234,0.009524911831588101,0.1511655526900219
Water and sewer and trash collection services,2009,0.05500944238248895,0.005658929599079432,0.10287196804744976
Water and sewer and trash collection services,2010,0.055168467418313716,0.010005810997312459,0.18136829724566414
Water and sewer and trash collection services,2011,0.04611154194851963,0.006938118400623194,0.1504638124738732
Water and sewer and trash collection services,2012,0.05594533879630603,0.006708324669781884,0.11990855385122491
Water and sewer and trash collection services,2013,0.03549176720081437,0.006810289954822357,0.19188365336359167
Water and sewer and trash collection services,2014,0.045096041731322645,0.004825102520941371,0.10699614280314915
Water and sewer and trash collection services,2015,0.03745102501020048,0.0039586656097492234,0.10570246364875215
Water and sewer and trash collection services,2016,0.033355104037680494,0.0045265104468550366,0.13570668050507478
Water and sewer and trash collection services,2017,0.03114858558764455,0.007412845669536594,0.23798337965230068
Water and sewer and trash collection services,2018,0.043851951521716614,0.004895575434994415,0.11163871310425033
Water and sewer and trash collection services,2019,0.021934811648144925,-0.002468993080213422,-0.11256048694734198
Water and sewer and trash collection services,2020,0.035342255379836596,0.005166278219633558,0.14617850966526075
Water and sewer and trash collection services,2021,0.034212195786142874,0.004936519324952204,0.14429121579362836
Water and sewer and trash collection services,2022,0.04832563335185314,0.01041207393589949,0.21545654373715975
Water and sewer and trash collection services,2023,0.050751139062665374,0.010762612043208497,0.2120664135226458
Women's and girls' apparel,1998,-0.004644165861274363,-0.027508090614886682,5.923149912509464
Women's and girls' apparel,1999,0.0027968302615068996,-0.03839869281045749,-13.729361176809036
Women's and girls' apparel,2000,-0.00802479414291235,-0.04761904761904756,5.933989928091252
Women's and girls' apparel,2001,-0.03204562776082953,-0.03508771929824561,1.0949300029358306
Women's and girls' apparel,2002,-0.004645192823488076,-0.04442508710801385,9.563669108283657
Women's and girls' apparel,2003,-0.010413350144782951,-0.04862953138815207,4.669921851472101
Women's and girls' apparel,2004,0.003429552511727496,-0.04688908926961233,-13.672072117068671
Women's and girls' apparel,2005,0.0010120469667191934,-0.044545454545454555,-44.015204837637064
Women's and girls' apparel,2006,0.02548384729455533,-0.05417814508723606,-2.125979820119677
Women's and girls' apparel,2007,0.003546049816155361,-0.03910163339382933,-11.026814461457128
Women's and girls' apparel,2008,-0.02830528681814748,-0.046162423001699926,1.6308763552999446
Women's and girls' apparel,2009,0.03603010286477337,-0.04568730086481565,-1.2680313746615506
Women's and girls' apparel,2010,-0.016680159043968912,-0.04571391638351319,2.740616337231034
Women's and girls' apparel,2011,0.053609862957922805,-0.031218377325300972,-0.5823252588764046
Women's and girls' apparel,2012,0.017768050833012805,-0.029517301069258428,-1.6612571264381837
Women's and girls' apparel,2013,0.021734152132614537,-0.022657045385536034,-1.0424628136993939
Women's and girls' apparel,2014,-0.02923659297795611,-0.029374078494699196,1.004702514990264
Women's and girls' apparel,2015,-0.016931207300364015,-0.02209054666593857,1.3047236546128422
Women's and girls' apparel,2016,0.01013468727445166,-0.020940994627410503,-2.0662694427878656
Women's and girls' apparel,2017,-0.01754774468595366,-0.009585850431038545,0.5462725041077031
Women's and girls' apparel,2018,-0.0055456112654544976,0.013927709010704836,-2.5114831069147026
Women's and girls' apparel,2019,-0.019040110649187647,0.009825169773154174,-0.5160248253900441
Women's and girls' apparel,2020,-0.05423098876785504,7.089684509040683e-4,-0.01307312418622733
Women's and girls' apparel,2021,0.04492142141245781,0.028457538632154833,0.6334959522065092
Women's and girls' apparel,2022,0.04457580225897706,0.02065266429394952,0.46331559382737314
Women's and girls' apparel,2023,0.009617694115505504,0.016493197639152246,1.7148806606941427
